sigla_UF;codigo_municipio;nome_municipio;codigo_escola;nome_escola;rede;taxa_aprovação_2005_1_ao_5_ano;taxa_aprovação_2005_1_ano;taxa_aprovação_2005_2_ano;taxa_aprovação_2005_3_ano;taxa_aprovação_2005_4_ano;taxa_aprovação_2005_5_ano;indicador_rendimento_2005;taxa_aprovação_2007_1_ao_5_ano;taxa_aprovação_2007_1_ano;taxa_aprovação_2007_2_ano;taxa_aprovação_2007_3_ano;taxa_aprovação_2007_4_ano;taxa_aprovação_2007_5_ano;indicador_rendimento_2007;taxa_aprovação_2009_1_ao_5_ano;taxa_aprovação_2009_1_ano;taxa_aprovação_2009_2_ano;taxa_aprovação_2009_3_ano;taxa_aprovação_2009_4_ano;taxa_aprovação_2009_5_ano;indicador_rendimento_2009;taxa_aprovação_2011_1_ao_5_ano;taxa_aprovação_2011_1_ano;taxa_aprovação_2011_2_ano;taxa_aprovação_2011_3_ano;taxa_aprovação_2011_4_ano;taxa_aprovação_2011_5_ano;indicador_rendimento_2011;taxa_aprovação_2013_1_ao_5_ano;taxa_aprovação_2013_1_ano;taxa_aprovação_2013_2_ano;taxa_aprovação_2013_3_ano;taxa_aprovação_2013_4_ano;taxa_aprovação_2013_5_ano;indicador_rendimento_2013;taxa_aprovação_2015_1_ao_5_ano;taxa_aprovação_2015_1_ano;taxa_aprovação_2015_2_ano;taxa_aprovação_2015_3_ano;taxa_aprovação_2015_4_ano;taxa_aprovação_2015_5_ano;indicador_rendimento_2015;taxa_aprovação_2017_1_ao_5_ano;taxa_aprovação_2017_1_ano;taxa_aprovação_2017_2_ano;taxa_aprovação_2017_3_ano;taxa_aprovação_2017_4_ano;taxa_aprovação_2017_5_ano;indicador_rendimento_2017;nota_SAEB_2005_matematica;nota_SAEB_2005_lingua_portuguesa;nota_SAEB_2005_media_padronizada;nota_SAEB_2007_matematica;nota_SAEB_2007_lingua_portuguesa;nota_SAEB_2007_media_padronizada;nota_SAEB_2009_matematica;nota_SAEB_2009_lingua_portuguesa;nota_SAEB_2009_media_padronizada;nota_SAEB_2011_matematica;nota_SAEB_2011_lingua_portuguesa;nota_SAEB_2011_media_padronizada;nota_SAEB_2013_matematica;nota_SAEB_2013_lingua_portuguesa;nota_SAEB_2013_media_padronizada;nota_SAEB_2015_matematica;nota_SAEB_2015_lingua_portuguesa;nota_SAEB_2015_media_padronizada;nota_SAEB_2017_matematica;nota_SAEB_2017_lingua_portuguesa;nota_SAEB_2017_media_padronizada;IDEB_2005;IDEB_2007;IDEB_2009;IDEB_2011;IDEB_2013;IDEB_2015;IDEB_2017;projecao_2007;projecao_2009;projecao_2011;projecao_2013;projecao_2015;projecao_2017;projecao_2019;projecao_2021
PB;2504009;Campina Grande;25070703;CAIC JOSE JOFILLY;Estadual;83,5;-;79,0;76,5;76,2;90,9;0,80;74,5;;78,6;64,5;69,0;71,9;0,74;82,5;100,0;62,5;85,0;72,4;95,8;0,81;84,9;83,3;100,0;80,0;73,7;93,3;0,85;87,5;95,7;-;90,9;66,7;95,0;0,85;-;-;-;-;-;-;-;85,7;-;-;-;-;85,7;0,86;160,45;152,74;3,80;170,47;154,69;4,03;186,91;171,54;4,65;-;-;-;185,18;157,38;4,36;-;-;-;ND;ND;-;3,1;3,0;3,7;-;3,7;-;-;3,1;3,4;3,9;4,1;4,4;4,7;5,0;5,3
PB;2504009;Campina Grande;25070720;EMEF CEAI ANTONIO MARIZ;Municipal;55,8;77,9;79,0;38,5;79,2;51,9;0,60;53,0;54,9;76,0;34,1;79,1;46,9;0,53;57,2;75,9;55,0;48,3;84,3;41,9;0,57;59,8;89,8;-;40,5;77,1;48,9;0,58;64,7;81,5;76,9;51,0;81,3;52,9;0,66;77,0;95,6;95,1;52,8;96,3;49,2;0,71;89,8;100,0;100,0;91,6;80,4;74,5;0,88;175,79;171,87;4,44;176,66;158,31;4,21;175,26;160,39;4,22;ND;ND;-;173,01;165,98;4,28;190,46;181,84;4,90;197,98;190,34;5,20;2,7;2,2;2,4;-;2,8;3,5;4,6;2,8;3,2;3,7;4,0;4,3;4,6;4,9;5,2
PB;2504009;Campina Grande;25070789;EMEF CEAI DR ELPIDIO DE ALMEIDA;Municipal;71,5;80,7;83,6;47,8;96,1;66,7;0,71;73,6;95,2;73,9;56,6;83,7;63,4;0,72;85,7;100,0;95,5;74,7;93,5;76,4;0,87;88,7;96,2;100,0;59,6;94,5;100,0;0,87;85,6;100,0;96,3;74,4;90,0;75,6;0,86;87,2;100,0;100,0;68,8;100,0;83,7;0,89;81,1;93,3;90,6;80,0;66,7;87,9;0,82;154,15;151,15;3,65;165,91;148,36;3,83;175,73;161,24;4,25;180,41;176,70;4,62;185,50;176,22;4,71;204,74;205,45;5,61;198,45;202,10;5,43;2,6;2,8;3,7;4,0;4,0;5,0;4,5;2,6;3,0;3,4;3,6;3,9;4,2;4,5;4,9
PB;2504009;Campina Grande;25071394;EEEFM MONSENHOR SALES;Estadual;79,2;75,0;67,7;80,0;79,5;88,1;0,77;98,0;95,9;100,0;100,0;100,0;95,6;0,98;89,8;100,0;95,2;72,2;87,5;84,0;0,87;-;-;-;-;-;-;-;-;-;-;-;-;-;-;-;-;-;-;-;-;-;-;-;-;-;-;-;-;158,51;145,85;3,64;150,75;128,53;3,18;170,48;150,64;3,96;-;-;-;-;-;-;-;-;-;-;-;-;2,8;3,1;3,4;-;-;-;-;2,9;3,2;3,6;3,9;4,2;4,5;4,8;5,1
PB;2504009;Campina Grande;25071939;ESC EST AUDIO COMUNICACAO DE C GRANDE;Estadual;-;-;-;-;-;-;-;-;-;-;-;-;-;-;-;-;-;-;-;-;-;-;-;-;-;-;-;-;-;-;-;-;-;-;-;34,1;100,0;75,0;0,0;25,0;25,0;0,39;-;-;-;-;-;-;-;-;-;-;-;-;-;256,83;245,77;7,33;-;-;-;-;-;-;ND;ND;-;-;-;-;-;-;-;-;-;-;-;-;-;-;-;-;-;-;-
PB;2504009;Campina Grande;25072021;EEEFM SEN ARGEMIRO DE FIGUEIREDO;Estadual;75,9;-;80,0;75,0;72,0;76,8;0,76;85,7;-;81,2;92,0;82,3;86,2;0,85;80,9;-;-;-;73,9;84,4;0,79;50,0;-;-;-;-;50,0;0,50;-;-;-;-;-;-;-;-;-;-;-;-;-;-;-;-;-;-;-;-;-;170,11;157,78;4,08;189,14;173,65;4,73;201,91;176,59;5,03;187,04;165,64;4,55;-;-;-;-;-;-;-;-;-;3,1;4,0;4,0;2,3;-;-;-;3,2;3,5;3,9;4,2;4,5;4,8;5,1;5,4
PB;2504009;Campina Grande;25072056;EEEFM POETA CARLOS DRUMOND DE ANDRADE;Estadual;72,1;-;76,7;91,1;68,3;64,7;0,74;89,0;91,6;74,3;87,8;94,1;-;0,86;61,4;94,7;85,7;68,0;46,2;49,1;0,63;70,6;57,1;83,3;66,7;69,0;77,3;0,70;78,0;-;-;75,0;84,2;75,0;0,78;88,9;100,0;-;-;-;88,6;0,94;78,0;-;-;-;-;78,0;0,78;177,98;178,80;4,61;196,87;185,89;5,10;194,72;175,09;4,86;211,39;213,57;5,88;214,21;199,83;5,69;202,53;186,71;5,22;ND;ND;-;3,4;4,4;3,1;4,1;4,4;4,9;-;3,5;3,8;4,2;4,5;4,8;5,1;5,4;5,7
PB;2504009;Campina Grande;25072080;EEEF NINA ALVES DE LIMA;Estadual;74,7;-;62,2;64,0;84,6;78,7;0,71;52,3;32,0;44,0;65,2;50,0;72,0;0,48;64,2;68,2;50,0;84,8;47,8;67,6;0,61;-;-;-;-;-;-;-;-;-;-;-;-;-;-;-;-;-;-;-;-;-;-;-;-;-;-;-;-;169,69;160,76;4,13;182,80;176,14;4,66;194,67;172,81;4,82;-;-;-;-;-;-;-;-;-;-;-;-;2,9;2,3;2,9;-;-;-;-;3,0;3,3;3,7;4,0;4,3;4,6;4,9;5,2
PB;2504009;Campina Grande;25072145;EEEFM DOM LUIZ GONZAGA FERNANDES;Estadual;-;-;-;-;-;-;-;77,9;-;-;-;81,8;76,1;0,79;-;-;-;-;-;-;-;81,8;-;-;-;-;81,8;0,82;-;-;-;-;-;-;-;-;-;-;-;-;-;-;-;-;-;-;-;-;-;-;-;-;185,51;169,13;4,58;-;-;-;190,55;168,82;4,67;-;-;-;-;-;-;-;-;-;-;3,6;-;3,8;-;-;-;-;3,8;4,2;4,4;4,7;5,0;5,3;5,6
PB;2504009;Campina Grande;25072161;EEEF NOSSA SENHORA DO ROSARIO;Estadual;93,0;-;94,4;91,6;95,5;91,1;0,93;88,0;87,5;89,5;86,3;89,3;88,0;0,88;96,4;92,3;100,0;96,7;94,3;96,9;0,96;85,5;-;100,0;96,0;87,5;75,5;0,89;98,0;-;-;-;95,7;100,0;0,98;-;-;-;-;-;-;-;-;-;-;-;-;-;-;190,64;179,75;4,87;189,99;174,46;4,76;200,96;176,24;5,00;200,61;191,08;5,27;205,52;181,38;5,18;-;-;-;-;-;-;4,5;4,2;4,8;4,7;5,1;-;-;4,6;4,9;5,3;5,6;5,8;6,1;6,3;6,6
PB;2504009;Campina Grande;25072170;EMEF ADV OTAVIO AMORIM;Municipal;68,7;93,2;87,9;57,5;89,7;46,7;0,69;72,9;90,0;86,6;54,5;96,1;63,9;0,75;77,4;92,5;88,1;56,9;92,1;77,3;0,79;82,3;94,2;90,9;67,9;91,8;73,1;0,82;86,0;97,6;100,0;74,7;90,4;81,5;0,88;68,5;97,3;56,8;58,3;73,2;67,2;0,68;92,2;100,0;98,1;94,9;95,3;75,8;0,92;182,03;164,90;4,44;194,38;178,45;4,92;203,27;177,08;5,06;187,58;177,27;4,77;220,30;197,90;5,77;225,00;204,74;5,98;222,30;214,35;6,10;3,1;3,7;4,0;3,9;5,1;4,1;5,6;3,1;3,5;3,9;4,2;4,5;4,8;5,1;5,4
PB;2504009;Campina Grande;25072196;EEEF ANTONIO VICENTE;Estadual;78,5;-;73,0;88,5;76,9;74,9;0,78;80,1;87,5;73,1;73,2;88,2;80,6;0,80;88,5;92,9;88,9;100,0;86,5;82,8;0,90;90,0;95,5;96,8;93,8;83,8;86,2;0,91;95,2;100,0;100,0;85,2;88,2;100,0;0,94;94,0;100,0;100,0;79,4;100,0;94,6;0,94;96,0;100,0;100,0;82,9;100,0;100,0;0,96;148,41;137,07;3,29;167,56;143,04;3,76;194,36;180,33;4,95;191,01;174,97;4,79;194,63;179,59;4,94;195,68;192,42;5,20;200,32;204,98;5,51;2,6;3,0;4,4;4,4;4,7;4,9;5,3;2,6;2,9;3,3;3,6;3,9;4,2;4,5;4,8
PB;2504009;Campina Grande;25072200;EEEF AUGUSTO DOS ANJOS;Estadual;80,8;90,6;50,0;69,5;88,2;96,2;0,74;85,1;78,1;73,6;86,6;94,2;100,0;0,85;84,0;87,2;66,2;85,0;86,0;100,0;0,83;86,6;78,6;89,6;87,3;88,3;84,6;0,85;92,4;96,6;100,0;83,7;87,2;100,0;0,93;96,2;100,0;100,0;86,7;100,0;97,4;0,97;92,7;100,0;94,7;78,3;100,0;90,6;0,92;163,54;158,25;3,96;182,87;159,93;4,36;191,36;177,76;4,85;184,09;179,17;4,73;205,00;201,81;5,55;ND;ND;-;194,23;198,26;5,28;2,9;3,7;4,0;4,0;5,2;-;4,9;3,0;3,3;3,8;4,0;4,3;4,6;4,9;5,2
PB;2504009;Campina Grande;25072218;EEEFM CLEMENTINO PROCOPIO;Estadual;85,8;-;72,0;87,1;85,7;89,7;0,83;68,1;-;68,0;56,0;64,5;78,9;0,66;83,5;-;-;78,6;87,5;84,0;0,83;72,7;-;-;-;100,0;59,1;0,74;-;-;-;-;-;-;-;-;-;-;-;-;-;-;-;-;-;-;-;-;-;174,04;163,35;4,26;170,37;150,15;3,95;172,66;157,84;4,13;ND;ND;-;-;-;-;-;-;-;-;-;-;3,5;2,6;3,4;-;-;-;-;3,6;3,9;4,4;4,6;4,9;5,2;5,5;5,8
PB;2504009;Campina Grande;25072226;EEEF DE APLICACAO;Estadual;87,4;100,0;78,0;89,3;83,8;93,1;0,88;94,8;100,0;93,7;90,7;94,2;98,4;0,95;92,0;100,0;83,3;90,8;91,2;95,2;0,92;96,0;100,0;100,0;89,3;94,7;98,9;0,96;95,9;-;-;92,0;93,8;100,0;0,95;85,7;-;-;-;-;85,7;0,86;-;-;-;-;-;-;-;174,08;164,05;4,27;182,23;170,90;4,55;191,11;178,57;4,86;197,59;182,01;5,04;187,40;175,26;4,73;200,84;196,06;5,36;-;-;-;3,8;4,3;4,5;4,9;4,5;4,6;-;3,8;4,2;4,6;4,9;5,1;5,4;5,7;6,0
PB;2504009;Campina Grande;25072277;EEEF MONTE CARMELO CEPES CGI;Estadual;74,5;100,0;75,0;50,0;68,0;72,3;0,70;74,6;70,6;73,7;58,7;80,0;83,6;0,72;82,4;92,3;76,2;77,4;-;87,7;0,83;86,3;100,0;94,7;74,5;81,4;91,5;0,87;86,5;-;100,0;77,8;80,3;93,5;0,87;74,2;-;-;-;89,3;63,2;0,74;-;-;-;-;-;-;-;156,82;148,06;3,65;245,18;188,99;6,08;186,13;165,63;4,53;192,49;189,10;5,08;187,74;175,34;4,73;185,06;165,27;4,50;-;-;-;2,5;4,4;3,8;4,4;4,1;3,3;-;2,6;2,9;3,3;3,6;3,9;4,2;4,5;4,8
PB;2504009;Campina Grande;25072285;EEEF MURILO BRAGA;Estadual;83,6;100,0;61,5;96,2;85,7;77,1;0,82;71,4;15,4;61,7;61,5;84,3;89,2;0,42;69,8;83,3;58,7;65,1;76,5;73,8;0,70;80,3;91,7;88,9;85,7;63,9;81,0;0,81;80,5;100,0;-;67,6;85,7;80,8;0,82;67,1;-;-;47,6;92,9;68,4;0,65;83,8;-;-;-;100,0;68,4;0,81;177,04;152,18;4,11;176,61;163,66;4,31;187,75;171,13;4,66;177,90;160,45;4,28;190,80;172,24;4,74;190,03;185,63;4,97;185,17;190,08;4,95;3,4;1,8;3,3;3,5;3,9;3,2;4,0;3,4;3,8;4,2;4,5;4,7;5,0;5,3;5,6
PB;2504009;Campina Grande;25072293;EEEF NOSSA SENHORA APARECIDA;Estadual;56,8;-;58,4;40,6;60,3;65,4;0,54;69,1;75,5;75,7;63,0;59,1;75,4;0,69;72,9;100,0;65,3;75,4;69,8;63,3;0,73;71,8;100,0;73,0;67,6;64,3;70,2;0,73;67,0;-;-;63,4;66,7;71,4;0,67;53,8;-;-;-;-;53,8;0,54;-;-;-;-;-;-;-;173,86;161,55;4,22;152,64;140,91;3,44;182,38;156,33;4,29;178,11;161,77;4,30;178,98;159,27;4,28;196,53;170,30;4,81;-;-;-;2,3;2,4;3,1;3,2;2,9;2,6;-;2,5;3,0;3,5;3,8;4,1;4,4;4,7;5,0
PB;2504009;Campina Grande;25072307;EEEF SOLON DE LUCENA;Estadual;78,5;-;45,0;81,9;92,1;81,2;0,69;74,1;62,5;84,6;71,4;73,6;100,0;0,76;87,6;-;92,3;94,1;78,9;85,2;0,87;83,0;-;-;80,0;100,0;75,9;0,84;-;-;-;-;-;-;-;-;-;-;-;-;-;-;-;-;-;-;-;-;-;164,34;164,89;4,10;177,50;164,10;4,34;192,33;177,70;4,87;207,98;184,91;5,30;-;-;-;-;-;-;-;-;-;2,8;3,3;4,2;4,5;-;-;-;2,9;3,2;3,6;3,9;4,2;4,5;4,8;5,1
PB;2504009;Campina Grande;25072315;EEEF SANTO ANTONIO;Estadual;-;-;-;-;-;-;-;92,0;98,1;87,5;92,2;90,2;95,2;0,92;94,6;100,0;92,3;99,0;89,8;95,5;0,95;94,5;100,0;97,9;92,5;93,0;92,4;0,95;97,1;100,0;100,0;94,3;93,5;100,0;0,97;97,5;100,0;100,0;90,0;100,0;100,0;0,98;97,1;99,4;100,0;91,2;100,0;96,7;0,97;-;-;-;223,41;200,85;5,88;215,61;195,24;5,63;216,81;211,13;5,94;223,96;215,74;6,16;228,40;224,04;6,40;ND;ND;-;-;5,4;5,4;5,6;6,0;6,3;-;-;5,6;5,9;6,2;6,4;6,6;6,8;7,0
PB;2504009;Campina Grande;25072340;EEEF ALCEU DO AMOROSO LIMA;Estadual;89,2;-;94,4;90,4;87,0;87,5;0,90;92,2;90,0;91,5;95,5;91,6;91,0;0,92;87,6;-;89,9;91,2;83,8;87,0;0,88;95,1;89,6;98,9;98,3;91,6;95,8;0,95;92,0;90,0;91,4;96,2;88,7;93,5;0,92;90,7;96,5;96,5;87,2;91,1;86,4;0,91;89,8;-;-;-;100,0;85,3;0,92;173,63;169,01;4,35;208,14;186,70;5,33;215,42;201,25;5,73;213,89;200,16;5,69;207,31;189,63;5,37;206,60;203,23;5,60;188,80;186,05;4,95;3,9;4,9;5,0;5,4;4,9;5,1;4,6;4,0;4,3;4,7;5,0;5,3;5,6;5,8;6,1
PB;2504009;Campina Grande;25072366;EEEF FAZENDA VELHA;Estadual;-;-;-;-;-;-;-;-;-;-;-;-;-;-;84,6;87,5;91,3;77,8;95,2;78,0;0,85;-;-;-;-;-;-;-;-;-;-;-;-;-;-;-;-;-;-;-;-;-;-;-;-;-;-;-;-;-;-;-;-;-;-;176,36;165,87;4,35;-;-;-;-;-;-;-;-;-;-;-;-;-;-;3,7;-;-;-;-;-;-;4,0;4,3;4,6;4,9;5,2;5,5
PB;2504009;Campina Grande;25072374;EEEF MA EMILIA O DE ALMEIDA;Estadual;66,6;-;-;-;83,3;59,0;0,69;47,1;-;-;-;-;47,1;0,47;-;-;-;-;-;-;-;-;-;-;-;-;-;-;-;-;-;-;-;-;-;100,0;100,0;-;-;-;-;1,00;-;-;-;-;-;-;-;167,75;153,54;3,96;165,09;154,25;3,92;-;-;-;-;-;-;-;-;-;-;-;-;-;-;-;2,7;1,8;-;-;-;-;-;2,8;3,1;3,5;3,8;4,1;4,4;4,7;5,0
PB;2504009;Campina Grande;25072552;EMEF DR CHATEAUBRIAND;Municipal;62,4;76,6;64,8;43,7;78,1;79,4;0,65;59,1;70,2;68,6;49,1;93,3;50,3;0,63;66,5;74,6;76,6;55,6;72,9;64,6;0,68;54,0;52,6;59,5;45,6;77,6;48,0;0,55;68,6;85,4;69,2;58,8;65,0;66,7;0,68;70,8;82,9;79,5;59,3;68,2;69,2;0,71;79,4;93,7;79,7;68,5;75,0;83,3;0,79;186,01;164,60;4,51;180,32;154,58;4,22;192,57;171,26;4,75;ND;ND;-;169,99;147,55;3,89;196,40;168,72;4,78;192,39;180,77;4,92;2,9;2,6;3,2;-;2,6;3,4;3,9;3,0;3,3;3,7;4,0;4,3;4,6;4,9;5,2
PB;2504009;Campina Grande;25072820;EMEF ROTARY DR FRANCISCO BRASILEIRO;Municipal;79,3;90,0;93,6;74,0;96,2;70,5;0,83;74,5;100,0;96,7;73,6;86,0;53,0;0,78;69,0;86,4;93,3;56,7;93,1;53,6;0,72;87,7;100,0;93,8;83,3;97,3;75,6;0,89;82,3;80,0;100,0;75,0;100,0;74,4;0,84;76,4;88,9;100,0;73,1;67,9;65,7;0,77;89,5;83,3;94,7;95,2;86,2;87,9;0,89;157,44;139,53;3,51;169,12;153,88;3,99;164,76;143,73;3,72;165,14;157,74;3,98;167,55;162,95;4,12;185,30;180,68;4,79;183,22;163,03;4,42;2,9;3,1;2,7;3,5;3,5;3,7;3,9;3,0;3,3;3,7;4,0;4,3;4,6;4,9;5,2
PB;2504009;Campina Grande;25072889;ESCOLA SANTO ANTONIO 1;Municipal;91,1;95,8;94,0;87,0;96,7;85,7;0,92;94,6;89,3;100,0;87,9;100,0;93,4;0,94;92,6;92,2;96,1;83,9;100,0;91,5;0,92;98,9;100,0;100,0;94,3;100,0;100,0;0,99;94,8;100,0;100,0;78,1;100,0;98,4;0,94;96,7;100,0;100,0;87,7;100,0;96,6;0,97;98,6;100,0;98,2;96,6;98,3;100,0;0,99;187,43;186,07;4,92;210,28;202,63;5,66;225,01;211,22;6,10;224,14;216,87;6,18;225,53;219,14;6,25;217,82;223,28;6,18;226,93;221,30;6,32;4,5;5,3;5,6;6,1;5,9;6,0;6,2;4,6;4,9;5,3;5,6;5,8;6,1;6,3;6,6
PB;2504009;Campina Grande;25073567;EMEF AGEU GENUINO DA SILVA;Municipal;54,1;88,5;100,0;36,8;-;39,5;0,54;-;-;-;-;-;-;-;86,1;89,5;86,4;80,6;89,5;89,5;0,87;73,2;85,7;85,7;63,9;86,4;64,9;0,76;87,4;88,5;94,1;78,9;92,3;85,0;0,87;93,1;100,0;100,0;73,9;100,0;91,7;0,92;97,6;100,0;100,0;94,7;91,7;100,0;0,97;164,18;158,15;3,97;-;-;-;-;-;-;198,60;195,42;5,31;223,95;221,13;6,26;212,38;224,89;6,11;227,90;233,70;6,56;2,2;-;-;4,0;5,5;5,6;6,4;2,3;2,9;3,4;3,6;3,9;4,2;4,5;4,9
PB;2504009;Campina Grande;25073575;EMEF AMARO DA COSTA BARROS;Municipal;71,4;92,6;90,5;56,9;88,0;61,5;0,75;60,4;82,5;82,1;35,0;70,4;63,5;0,60;67,9;67,9;88,5;64,0;92,9;51,8;0,70;75,7;87,1;91,3;59,5;73,9;75,8;0,76;88,1;94,7;100,0;78,6;100,0;73,7;0,88;78,5;91,7;95,7;51,6;95,8;67,9;0,76;89,0;95,8;97,4;82,4;84,4;81,0;0,88;164,81;153,99;3,91;181,17;153,40;4,21;164,99;162,60;4,07;186,39;168,85;4,59;169,04;165,92;4,21;179,14;159,06;4,27;ND;ND;-;2,9;2,5;2,8;3,5;3,7;3,2;-;3,0;3,3;3,7;4,0;4,3;4,6;4,9;5,2
PB;2504009;Campina Grande;25073605;EMEF ANTONIO GUEDES DE ANDRADE;Municipal;54,9;-;-;35,0;75,0;54,8;0,50;-;-;-;-;-;-;-;-;-;-;-;-;-;-;-;-;-;-;-;-;-;-;-;-;-;-;-;-;-;-;-;-;-;-;-;-;-;-;-;-;-;-;155,10;141,02;3,49;-;-;-;-;-;-;-;-;-;-;-;-;-;-;-;-;-;-;1,7;-;-;-;-;-;-;1,9;2,5;3,0;3,3;3,6;3,9;4,2;4,5
PB;2504009;Campina Grande;25073613;ESCOLA MUNICIPAL DR JOSE TAVARES;Municipal;84,5;95,5;79,5;78,6;92,6;76,7;0,84;78,6;80,8;74,2;72,9;86,4;81,8;0,79;90,0;78,7;97,9;89,6;97,7;84,6;0,89;84,5;86,0;89,5;70,4;89,4;89,8;0,84;91,9;94,9;93,5;87,5;97,4;87,0;0,92;88,8;100,0;100,0;80,9;94,1;75,9;0,89;93,2;100,0;100,0;86,2;83,9;100,0;0,93;160,71;157,09;3,89;175,43;162,47;4,27;197,41;168,03;4,79;207,52;180,89;5,21;179,73;163,24;4,36;205,99;183,87;5,24;220,51;216,12;6,10;3,3;3,4;4,3;4,4;4,0;4,7;5,7;3,3;3,7;4,1;4,4;4,7;4,9;5,2;5,5
PB;2504009;Campina Grande;25073630;EMEF FERNANDO CUNHA LIMA;Municipal;-;-;-;-;-;-;-;92,0;94,9;87,9;85,2;96,7;93,9;0,92;-;-;-;-;-;-;-;86,2;96,2;87,0;88,5;96,0;75,0;0,88;86,5;100,0;93,3;73,9;90,5;81,5;0,87;85,6;95,5;91,7;73,3;87,0;75,0;0,84;84,0;100,0;62,1;73,1;90,9;100,0;0,82;-;-;-;162,88;141,10;3,64;-;-;-;181,44;167,13;4,47;157,26;148,34;3,66;188,72;160,05;4,48;194,58;186,95;5,08;-;3,3;-;3,9;3,2;3,7;4,2;-;3,5;3,9;4,1;4,4;4,7;5,0;5,3
PB;2504009;Campina Grande;25073648;EMEF FREI DAGOBERTO STUCKER;Municipal;59,4;100,0;74,9;26,8;78,6;62,2;0,56;51,3;-;100,0;32,6;76,9;45,2;0,53;65,6;93,3;91,7;57,1;70,0;45,7;0,66;-;-;-;-;-;-;-;-;-;-;-;-;-;-;-;-;-;-;-;-;-;-;-;-;-;-;-;-;205,33;177,33;5,11;177,25;153,69;4,14;189,83;153,02;4,37;-;-;-;-;-;-;-;-;-;-;-;-;2,9;2,2;2,9;-;-;-;-;3,0;3,6;4,1;4,4;4,7;5,0;5,3;5,6
PB;2504009;Campina Grande;25073656;EMEF GERIVALDO LUNA DE OLIVEIRA;Municipal;-;-;-;-;-;-;-;75,0;75,3;-;0,0;100,0;-;0,86;76,8;100,0;76,7;65,9;86,1;67,6;0,77;89,0;73,3;100,0;84,6;97,4;84,4;0,87;83,2;100,0;100,0;67,7;87,5;76,0;0,84;91,3;93,1;100,0;95,2;77,3;92,3;0,91;66,4;100,0;73,7;60,0;48,3;66,7;0,66;-;-;-;180,39;151,25;4,16;170,69;162,75;4,18;165,05;150,91;3,86;177,61;168,64;4,42;173,42;157,72;4,14;178,53;166,32;4,40;-;3,6;3,2;3,3;3,7;3,8;2,9;-;3,8;4,1;4,4;4,7;5,0;5,2;5,5
PB;2504009;Campina Grande;25073664;EMEF JOSE GUILHERMINO BARBOSA;Municipal;69,6;89,8;85,7;31,3;94,6;63,5;0,62;66,7;88,0;71,0;59,1;97,0;54,8;0,70;82,7;100,0;100,0;70,2;96,6;74,4;0,86;62,8;-;59,6;53,2;73,0;75,0;0,64;79,9;95,5;96,4;61,5;83,3;75,0;0,80;89,9;100,0;100,0;72,3;96,7;88,2;0,90;90,3;100,0;90,2;92,3;89,7;77,8;0,89;178,17;183,23;4,70;180,89;171,25;4,53;190,51;173,78;4,76;205,27;198,61;5,49;199,90;190,19;5,24;216,43;210,27;5,92;219,87;206,92;5,92;2,9;3,2;4,1;3,5;4,2;5,3;5,3;3,0;3,4;3,9;4,1;4,4;4,7;5,0;5,3
PB;2504009;Campina Grande;25073672;EMEF JOANA DE ANGELIS;Municipal;73,9;63,2;87,0;59,1;88,2;83,9;0,74;-;-;-;-;-;-;-;81,7;87,5;75,9;66,7;90,0;100,0;0,82;-;-;-;-;-;-;-;-;-;-;-;-;-;-;-;-;-;-;-;-;-;-;-;-;-;-;-;-;191,09;168,17;4,67;-;-;-;-;-;-;-;-;-;-;-;-;-;-;-;-;-;-;3,5;-;-;-;-;-;-;3,5;3,9;4,3;4,6;4,9;5,1;5,4;5,7
PB;2504009;Campina Grande;25073699;EMEF LAFAYETE CAVALCANTE;Municipal;67,1;86,3;88,6;56,0;98,3;50,3;0,71;63,7;70,6;74,5;48,8;92,5;59,4;0,66;72,3;90,9;97,7;50,5;93,8;67,0;0,75;92,6;94,9;92,3;84,9;98,3;92,2;0,92;82,4;84,4;80,6;70,0;100,0;73,9;0,81;87,6;95,5;96,4;67,4;96,3;92,7;0,88;86,8;92,5;77,1;78,0;89,7;93,9;0,86;183,18;171,43;4,58;182,56;159,68;4,35;202,20;179,16;5,08;185,17;176,85;4,71;183,72;169,98;4,56;195,76;177,36;4,92;207,32;207,88;5,70;3,2;2,9;3,8;4,4;3,7;4,3;4,9;3,3;3,6;4,0;4,3;4,6;4,9;5,2;5,5
PB;2504009;Campina Grande;25073710;EMEF LUCIA DE FATIMA GAYOSO MEIRA;Municipal;84,6;94,9;89,1;68,7;94,0;91,7;0,86;84,3;75,7;80,0;86,8;91,4;86,3;0,84;94,2;100,0;100,0;80,6;100,0;97,0;0,95;88,8;87,5;88,9;76,3;100,0;94,4;0,89;83,6;76,9;88,9;70,4;97,1;80,5;0,82;86,2;81,3;100,0;78,6;89,5;85,3;0,86;93,8;100,0;95,0;94,1;95,5;84,2;0,93;169,14;165,72;4,21;178,32;162,80;4,33;194,72;176,17;4,88;225,60;204,08;5,98;193,74;181,18;4,96;208,43;206,85;5,70;232,85;222,86;6,46;3,6;3,6;4,6;5,3;4,1;4,9;6,0;3,7;4,0;4,5;4,7;5,0;5,3;5,6;5,9
PB;2504009;Campina Grande;25073729;EMEF LUIZ CAMBEBA;Municipal;-;-;-;-;-;-;-;93,7;98,3;100,0;80,2;100,0;100,0;0,95;91,9;98,1;100,0;84,6;100,0;82,8;0,92;89,7;100,0;100,0;80,0;100,0;80,4;0,91;89,8;100,0;100,0;65,9;96,4;89,4;0,88;91,7;98,0;100,0;74,1;100,0;88,9;0,91;89,1;100,0;83,7;85,2;86,0;96,2;0,90;-;-;-;174,91;156,39;4,15;175,16;154,29;4,11;185,02;177,80;4,73;180,73;165,50;4,42;193,95;186,95;5,06;206,52;203,61;5,61;-;3,9;3,8;4,3;3,9;4,6;5,0;-;4,1;4,5;4,8;5,0;5,3;5,6;5,9
PB;2504009;Campina Grande;25073737;EMEF LUIZ JOAQUIM AVELINO;Municipal;70,2;87,0;76,9;51,1;84,0;69,0;0,71;76,9;78,3;76,9;73,3;75,9;80,0;0,77;80,3;78,3;92,7;68,6;76,7;82,6;0,79;94,2;94,4;100,0;85,0;100,0;96,7;0,95;89,9;100,0;95,8;81,8;84,2;91,4;0,90;89,2;97,4;100,0;85,2;96,4;67,6;0,87;88,8;100,0;97,1;73,9;85,7;80,0;0,86;165,87;146,28;3,79;160,92;151,69;3,79;188,10;159,37;4,45;166,79;150,71;3,89;164,95;149,18;3,82;184,57;166,67;4,52;ND;ND;-;2,7;2,9;3,5;3,7;3,4;4,0;-;2,8;3,1;3,5;3,8;4,1;4,4;4,7;5,0
PB;2504009;Campina Grande;25073745;EMEF MANOEL DA COSTA CIRNE;Municipal;49,5;73,8;50,0;35,3;78,7;46,0;0,52;51,8;63,0;82,9;43,5;62,5;41,1;0,55;65,3;69,7;94,3;41,2;89,2;59,4;0,65;77,1;76,2;81,1;69,6;79,6;79,2;0,77;80,0;86,4;91,7;65,0;92,6;75,7;0,81;75,4;92,9;88,2;55,6;85,7;78,8;0,78;80,9;100,0;78,3;70,3;81,5;81,3;0,81;174,00;157,85;4,15;184,12;158,47;4,36;187,41;164,59;4,53;171,94;156,05;4,08;180,45;164,24;4,39;179,47;167,44;4,43;212,91;200,14;5,67;2,2;2,4;2,9;3,1;3,6;3,4;4,6;2,4;2,9;3,5;3,8;4,1;4,4;4,7;5,0
PB;2504009;Campina Grande;25073761;EMEF MARIA DA LUZ;Municipal;-;-;-;-;-;-;-;-;-;-;-;-;-;-;84,8;100,0;100,0;61,9;89,5;88,9;0,85;-;-;-;-;-;-;-;-;-;-;-;-;-;-;-;-;-;-;-;-;-;-;-;-;-;-;-;-;-;-;-;-;-;-;173,03;170,51;4,37;-;-;-;-;-;-;-;-;-;-;-;-;-;-;3,7;-;-;-;-;-;-;4,0;4,3;4,6;4,9;5,2;5,5
PB;2504009;Campina Grande;25073770;ESCOLA MUNICIPAL MARIA JOSE DE CARVALHO DE SOUSA;Municipal;62,5;90,0;100,0;38,6;100,0;60,2;0,68;63,5;96,0;69,0;45,2;92,0;66,3;0,69;70,3;95,5;96,7;45,7;100,0;71,3;0,75;94,1;93,8;100,0;88,0;96,8;92,3;0,94;91,4;100,0;86,7;82,1;100,0;88,9;0,91;89,6;87,5;88,9;85,7;95,2;90,9;0,90;98,4;100,0;100,0;93,8;100,0;100,0;0,99;189,33;167,19;4,62;184,45;171,93;4,61;190,21;179,46;4,86;177,22;175,20;4,53;189,34;180,78;4,86;217,41;206,59;5,87;234,22;219,07;6,42;3,1;3,2;3,6;4,3;4,4;5,3;6,3;3,2;3,5;3,9;4,2;4,5;4,8;5,1;5,4
PB;2504009;Campina Grande;25073796;EMEF NENZINHA CUNHA LIMA;Municipal;83,6;94,0;-;65,0;95,2;91,4;0,84;77,1;92,9;93,9;70,7;92,3;53,5;0,77;78,7;71,7;97,8;63,9;85,0;85,0;0,79;69,8;62,2;78,9;56,7;78,7;74,6;0,69;88,2;89,2;100,0;76,3;92,1;91,7;0,89;84,8;94,7;88,0;65,7;100,0;86,5;0,85;-;-;-;-;-;-;-;165,36;150,28;3,85;177,75;158,77;4,24;205,54;180,08;5,16;185,47;174,68;4,68;180,91;165,76;4,43;207,38;180,18;5,20;-;-;-;3,2;3,3;4,1;3,2;4,0;4,4;-;3,3;3,6;4,1;4,3;4,6;4,9;5,2;5,5
PB;2504009;Campina Grande;25073800;EMEF PADRE ANTONINO;Municipal;-;-;-;-;-;-;-;64,5;88,9;88,0;52,3;85,4;47,5;0,67;84,1;-;80,0;80,0;81,0;89,1;0,82;59,1;48,3;65,2;43,8;68,2;59,6;0,55;87,2;72,7;77,8;84,6;93,1;90,5;0,83;87,7;95,2;100,0;84,6;80,0;80,0;0,87;99,3;100,0;100,0;96,2;100,0;100,0;0,99;-;-;-;177,53;156,07;4,19;182,48;167,20;4,49;202,78;185,99;5,22;200,20;184,80;5,14;213,11;200,62;5,68;231,31;230,34;6,57;-;2,8;3,7;2,9;4,3;5,0;6,5;-;3,0;3,3;3,6;3,9;4,2;4,5;4,8
PB;2504009;Campina Grande;25073826;EMEF PROF FRANCISCA ZENA BRASILEIRO;Municipal;100,0;100,0;100,0;100,0;100,0;100,0;1,00;79,9;97,4;76,1;61,2;95,0;85,0;0,81;83,8;91,7;87,0;76,9;91,3;68,2;0,82;95,8;100,0;100,0;88,9;100,0;96,0;0,97;97,9;100,0;100,0;88,5;100,0;100,0;0,97;100,0;100,0;100,0;100,0;100,0;100,0;1,00;99,5;96,0;100,0;100,0;100,0;100,0;0,99;169,19;158,41;4,07;183,15;169,25;4,54;176,52;166,47;4,36;196,66;177,70;4,95;194,17;173,30;4,82;223,78;210,81;6,07;210,49;208,85;5,78;4,1;3,7;3,6;4,8;4,7;6,1;5,7;4,1;4,5;4,9;5,2;5,4;5,7;6,0;6,2
PB;2504009;Campina Grande;25073842;EMEF PROFA MARIA ANUNCIADA BEZERRA;Municipal;83,4;96,1;94,7;70,0;100,0;76,5;0,86;72,6;84,2;97,6;44,2;100,0;68,4;0,72;77,8;92,3;97,9;57,1;93,8;67,2;0,78;90,5;100,0;95,3;77,1;94,4;90,0;0,91;83,9;84,0;100,0;72,5;97,1;76,9;0,85;82,3;100,0;95,0;72,7;89,3;72,7;0,84;87,9;97,4;82,5;85,4;85,4;90,6;0,88;169,05;149,06;3,90;195,85;177,67;4,93;198,61;184,01;5,10;217,02;193,03;5,62;202,51;178,56;5,08;235,21;207,15;6,22;241,21;229,90;6,75;3,3;3,6;4,0;5,1;4,3;5,2;5,9;3,4;3,7;4,2;4,4;4,7;5,0;5,3;5,6
PB;2504009;Campina Grande;25073850;EMEF RAIMUNDO ASFORA;Municipal;-;-;-;-;-;-;-;67,2;90,9;83,3;45,5;94,0;61,4;0,70;76,3;88,9;85,7;62,7;87,9;68,2;0,77;84,5;100,0;81,8;66,7;100,0;83,8;0,85;80,8;94,4;100,0;64,4;88,9;63,6;0,79;95,2;100,0;96,0;90,9;100,0;88,5;0,95;96,8;100,0;100,0;94,3;96,7;92,0;0,96;-;-;-;167,98;158,43;4,05;168,43;161,75;4,12;170,82;163,86;4,20;177,10;168,61;4,41;183,24;174,44;4,63;181,02;178,07;4,66;-;2,8;3,2;3,6;3,5;4,4;4,5;-;3,0;3,3;3,6;3,9;4,2;4,5;4,8
PB;2504009;Campina Grande;25073877;EMEF RIVANILDO SANDRO ARCOVERDE;Municipal;-;-;-;-;-;-;-;88,8;93,3;91,0;86,4;76,9;94,7;0,88;82,1;95,3;87,8;68,2;98,2;74,7;0,83;92,4;100,0;91,2;65,4;95,0;100,0;0,88;86,5;82,8;97,5;73,1;90,6;89,3;0,86;91,0;92,7;97,6;80,5;97,9;86,0;0,90;90,2;100,0;81,3;79,2;97,6;95,2;0,90;-;-;-;178,98;165,43;4,39;176,08;159,38;4,22;197,09;188,49;5,15;200,20;183,58;5,12;205,22;197,73;5,48;242,21;232,72;6,82;-;3,9;3,5;4,5;4,4;5,0;6,1;-;4,1;4,4;4,7;5,0;5,2;5,5;5,8
PB;2504009;Campina Grande;25073885;EMEF SANTO AFONSO;Municipal;62,0;66,7;68,0;39,0;60,0;79,1;0,59;85,8;100,0;92,0;61,9;95,1;93,1;0,86;91,8;90,0;100,0;80,0;100,0;90,0;0,91;86,1;80,0;95,7;85,7;93,3;76,9;0,86;93,2;90,0;95,7;87,5;92,0;100,0;0,93;95,0;95,5;100,0;95,8;100,0;86,7;0,95;86,2;100,0;88,9;88,0;84,0;75,0;0,86;164,06;161,30;4,03;196,25;188,39;5,13;169,12;150,80;3,93;183,21;169,70;4,55;195,33;187,43;5,10;193,12;197,56;5,24;198,33;186,13;5,13;2,4;4,4;3,6;3,9;4,7;5,0;4,4;2,5;2,9;3,4;3,7;4,0;4,3;4,6;4,9
PB;2504009;Campina Grande;25073958;EMEF PROF JOSE DE ALMEIDA JUNIOR;Municipal;69,7;80,8;75,6;53,1;94,7;70,0;0,72;79,4;80,9;93,7;53,8;77,7;90,0;0,76;73,9;69,6;83,3;64,3;71,4;82,6;0,73;-;-;-;-;-;-;-;82,5;90,9;91,3;59,1;100,0;73,9;0,80;-;-;-;-;-;-;-;-;-;-;-;-;-;-;137,95;144,00;3,21;161,52;146,88;3,72;198,11;170,97;4,85;-;-;-;178,43;161,77;4,31;-;-;-;-;-;-;2,3;2,8;3,6;-;3,5;-;-;2,4;2,7;3,1;3,4;3,6;3,9;4,3;4,6
PB;2504009;Campina Grande;25073982;EMEF ALICE GAUDENCIO;Municipal;61,0;86,2;78,8;34,0;91,3;64,8;0,62;67,7;91,1;82,7;50,0;69,0;59,2;0,67;68,5;92,9;72,2;52,2;81,1;65,2;0,70;82,8;85,7;92,9;61,5;89,5;90,0;0,82;75,9;85,7;82,4;57,6;91,3;75,9;0,77;83,2;95,5;100,0;64,0;83,3;76,9;0,82;86,0;95,7;80,8;80,8;86,4;87,5;0,86;173,01;153,18;4,05;172,01;159,25;4,14;187,41;177,87;4,77;183,93;166,06;4,49;186,95;163,70;4,51;215,24;183,99;5,42;224,10;206,80;6,00;2,5;2,8;3,3;3,7;3,5;4,4;5,2;2,6;3,0;3,4;3,7;4,0;4,3;4,6;4,9
PB;2504009;Campina Grande;25074024;EMEF ALMEIDA BARRETO;Municipal;-;-;-;-;-;-;-;75,2;60,9;83,3;56,0;91,4;86,4;0,73;75,5;85,0;86,4;60,7;73,7;76,9;0,75;78,9;77,3;95,0;65,4;84,0;76,2;0,78;-;-;-;-;-;-;-;-;-;-;-;-;-;-;-;-;-;-;-;-;-;-;-;-;152,81;136,45;3,36;-;-;-;169,01;163,12;4,16;-;-;-;-;-;-;-;-;-;-;2,4;-;3,3;-;-;-;-;2,6;2,9;3,2;3,5;3,8;4,1;4,4
PB;2504009;Campina Grande;25074059;EMEF ANA AZEVEDO;Municipal;66,7;78,9;81,5;54,6;90,9;58,7;0,70;82,9;95,5;100,0;63,2;100,0;78,8;0,85;94,5;97,7;100,0;82,5;100,0;97,6;0,95;90,0;100,0;90,0;82,2;100,0;81,1;0,90;89,8;89,5;81,0;73,3;100,0;97,6;0,87;81,5;100,0;76,9;60,7;88,0;86,2;0,80;96,0;100,0;95,2;100,0;97,1;86,4;0,95;175,48;168,45;4,38;210,07;183,25;5,30;202,62;185,60;5,21;225,58;187,98;5,69;182,71;166,23;4,47;201,71;194,15;5,34;214,64;224,92;6,15;3,1;4,5;4,9;5,1;3,9;4,3;5,9;3,1;3,5;3,9;4,2;4,5;4,8;5,1;5,4
PB;2504009;Campina Grande;25074075;EMEF ANESIO LEAO;Municipal;69,4;70,1;74,0;61,4;93,4;67,4;0,72;63,7;91,2;71,1;47,7;94,0;52,3;0,66;56,1;64,3;68,2;36,7;60,9;66,3;0,56;67,8;52,6;68,8;59,4;84,4;70,4;0,65;64,5;66,7;73,3;46,7;84,2;59,4;0,63;55,3;63,6;84,2;35,0;60,0;36,4;0,50;82,0;95,7;92,3;85,2;72,4;65,2;0,80;178,20;157,15;4,22;174,30;159,53;4,19;180,08;160,89;4,33;188,65;176,09;4,77;189,52;172,21;4,71;190,23;169,84;4,68;193,92;192,72;5,17;3,0;2,8;2,4;3,1;3,0;2,3;4,2;3,1;3,4;3,8;4,1;4,4;4,7;5,0;5,3
PB;2504009;Campina Grande;25074091;EMEF ANIS TIMANI;Municipal;58,6;88,3;66,9;36,0;92,3;56,8;0,61;56,0;90,8;71,6;40,6;82,8;43,4;0,59;73,2;72,4;94,4;69,3;94,7;53,8;0,74;83,3;87,1;97,3;73,4;93,8;72,0;0,83;81,8;94,9;97,6;58,4;91,5;75,0;0,80;83,3;97,0;97,6;58,6;98,7;83,0;0,84;78,3;98,6;80,0;73,9;71,0;71,6;0,78;185,86;162,12;4,46;184,66;159,71;4,39;196,47;175,23;4,90;203,52;179,39;5,11;186,97;170,36;4,63;191,91;183,51;4,96;190,26;184,94;4,96;2,7;2,6;3,6;4,3;3,7;4,1;3,9;2,8;3,2;3,7;4,0;4,3;4,6;4,9;5,2
PB;2504009;Campina Grande;25074113;EMEF ANISIO TEIXEIRA;Municipal;-;-;-;-;-;-;-;67,3;100,0;78,5;49,5;94,8;58,3;0,71;75,7;88,2;93,9;56,3;91,8;65,1;0,76;89,6;100,0;100,0;76,5;100,0;91,3;0,93;82,7;100,0;88,2;58,3;86,4;94,1;0,82;68,2;-;-;45,5;100,0;59,1;0,61;-;-;-;-;-;-;-;-;-;-;168,59;149,48;3,90;183,52;162,40;4,42;183,57;171,63;4,59;213,18;198,49;5,64;200,76;196,12;5,36;-;-;-;-;2,8;3,3;4,2;4,6;3,3;-;-;2,9;3,3;3,6;3,8;4,1;4,4;4,7
PB;2504009;Campina Grande;25074148;EMEF APOLONIA AMORIM;Municipal;67,4;80,5;82,5;50,5;100,0;64,2;0,72;-;-;-;-;-;-;-;67,8;88,0;100,0;47,6;100,0;56,9;0,71;76,6;100,0;100,0;56,8;100,0;61,7;0,78;-;-;-;-;-;-;-;-;-;-;-;-;-;-;87,3;100,0;86,2;84,0;82,4;88,9;0,88;167,39;151,60;3,91;-;-;-;200,62;181,87;5,10;ND;ND;-;-;-;-;-;-;-;210,23;202,51;5,66;2,8;-;3,6;-;-;-;5,0;2,9;3,2;3,6;3,9;4,2;4,5;4,8;5,1
PB;2504009;Campina Grande;25074164;EMEF AROLDO CRUZ FILHO;Municipal;-;-;-;-;-;-;-;84,7;100,0;100,0;46,2;94,3;80,0;0,77;95,8;100,0;93,5;96,0;100,0;86,7;0,95;81,7;95,2;79,2;66,7;72,4;95,0;0,80;80,6;100,0;95,5;47,4;64,3;87,0;0,73;-;-;-;-;-;-;-;90,1;100,0;91,7;75,0;84,2;100,0;0,89;-;-;-;188,12;172,78;4,70;-;-;-;214,43;195,07;5,60;208,07;193,01;5,44;-;-;-;236,29;228,07;6,62;-;3,6;-;4,5;4,0;-;5,9;-;3,8;4,2;4,4;4,7;5,0;5,3;5,6
PB;2504009;Campina Grande;25074172;EMEF CENTENARIO;Municipal;82,7;75,0;90,0;75,6;91,7;88,4;0,83;86,0;92,3;86,1;77,0;86,2;88,0;0,86;78,3;86,4;84,4;57,9;91,7;93,8;0,80;-;-;-;-;-;-;-;-;-;-;-;-;-;-;94,7;100,0;93,3;100,0;100,0;86,4;0,96;89,7;100,0;83,3;84,6;94,1;88,2;0,90;158,45;147,05;3,66;171,37;153,71;4,03;-;-;-;-;-;-;-;-;-;184,87;180,18;4,77;199,34;203,76;5,47;3,1;3,4;-;-;-;4,6;4,9;3,1;3,5;3,9;4,2;4,4;4,7;5,0;5,3
PB;2504009;Campina Grande;25074199;EMEF CICERO VIRGINIO;Municipal;-;-;-;-;-;-;-;65,6;0,0;82,3;50,0;78,6;80,0;0,70;51,7;100,0;87,5;44,8;80,0;36,1;0,60;-;-;-;-;-;-;-;-;-;-;-;-;-;-;94,2;100,0;100,0;87,5;100,0;88,5;0,95;84,4;88,2;76,9;95,5;81,5;87,0;0,85;-;-;-;134,98;119,49;2,71;-;-;-;-;-;-;-;-;-;186,09;171,85;4,64;213,91;210,83;5,88;-;1,9;-;-;-;4,4;5,0;-;2,1;2,3;2,6;2,8;3,1;3,4;3,7
PB;2504009;Campina Grande;25074229;EMEF CRISTINA PROCOPIO;Municipal;63,9;67,3;83,7;42,1;70,3;63,5;0,62;70,3;93,5;70,0;50,0;75,0;78,1;0,70;75,9;86,8;82,1;76,1;66,7;70,0;0,76;82,0;92,6;84,6;72,3;82,4;84,8;0,83;84,1;86,2;93,5;73,5;95,0;77,4;0,84;83,1;100,0;96,7;65,7;100,0;62,1;0,81;86,6;96,4;86,7;81,5;84,6;84,0;0,86;170,83;154,96;4,04;179,21;155,69;4,21;199,59;174,60;4,95;200,26;168,96;4,86;190,33;183,15;4,93;199,40;186,84;5,17;ND;ND;-;2,5;3,0;3,7;4,0;4,2;4,2;-;2,6;3,0;3,4;3,7;4,0;4,3;4,6;4,9
PB;2504009;Campina Grande;25074245;EMEF DEP PETRONIO FIGUEREDO;Municipal;85,4;86,6;100,0;67,5;100,0;90,4;0,87;75,4;84,5;79,6;67,9;80,7;72,3;0,77;86,8;100,0;97,8;69,2;93,3;90,3;0,89;-;-;-;-;-;-;-;-;-;-;-;-;-;-;-;-;-;-;-;-;-;95,6;100,0;100,0;95,0;82,4;100,0;0,95;155,35;139,99;3,47;147,73;119,45;2,96;158,32;152,40;3,76;-;-;-;-;-;-;-;-;-;213,86;191,72;5,53;3,0;2,3;3,3;-;-;-;5,3;3,1;3,4;3,8;4,1;4,4;4,7;5,0;5,3
PB;2504009;Campina Grande;25074288;EMEF DR SEVERINO CRUZ;Municipal;62,6;70,8;91,7;56,6;78,9;49,1;0,66;80,4;100,0;94,7;60,4;95,0;79,4;0,83;82,6;100,0;92,6;73,5;95,0;71,7;0,85;84,6;90,0;85,0;74,5;86,1;96,2;0,86;97,5;100,0;100,0;88,0;-;100,0;0,97;96,8;100,0;100,0;92,9;100,0;93,3;0,97;95,7;100,0;100,0;86,2;93,3;100,0;0,96;185,59;172,86;4,65;171,56;162,27;4,19;202,84;204,20;5,55;205,36;201,12;5,54;ND;ND;-;219,99;201,15;5,82;224,35;211,70;6,09;3,1;3,5;4,7;4,8;-;5,7;5,8;3,1;3,5;3,9;4,2;4,5;4,8;5,1;5,4
PB;2504009;Campina Grande;25074296;EMEF EPITACIO PESSOA;Municipal;57,4;85,7;61,3;44,8;94,2;51,3;0,62;68,2;75,0;81,1;51,9;61,9;81,7;0,68;72,2;73,1;82,9;85,3;69,1;59,6;0,73;87,9;84,6;97,4;75,8;94,3;85,7;0,87;88,5;76,7;100,0;80,9;100,0;95,0;0,89;93,5;97,7;95,0;81,4;100,0;96,7;0,94;92,9;100,0;86,0;86,3;100,0;97,0;0,93;165,66;153,87;3,92;178,15;151,68;4,12;188,93;170,57;4,67;189,58;179,83;4,85;192,24;177,50;4,86;209,86;194,07;5,50;216,58;206,09;5,84;2,4;2,8;3,4;4,2;4,3;5,1;5,5;2,5;2,9;3,3;3,6;3,9;4,2;4,5;4,8
PB;2504009;Campina Grande;25074326;EMEF FELIX ARAUJO;Municipal;60,1;76,1;70,3;43,8;90,6;66,6;0,66;79,6;100,0;96,2;70,3;74,2;72,7;0,81;72,5;97,7;95,2;59,4;72,7;59,6;0,73;74,7;85,2;83,9;67,4;74,2;67,6;0,75;84,4;96,7;87,5;84,6;100,0;72,7;0,87;84,1;89,2;91,4;80,0;91,7;69,2;0,83;81,8;96,3;75,7;82,4;78,8;79,4;0,82;178,85;169,47;4,46;179,49;165,80;4,40;180,75;156,20;4,25;187,90;181,13;4,84;192,14;174,51;4,80;215,98;193,56;5,61;240,29;217,69;6,51;2,9;3,6;3,1;3,6;4,2;4,7;5,3;3,0;3,3;3,7;4,0;4,3;4,6;4,9;5,2
PB;2504009;Campina Grande;25074369;EMEF GRACITA MELO;Municipal;-;-;-;-;-;-;-;-;-;-;-;-;-;-;-;-;-;-;-;-;-;95,5;100,0;100,0;76,9;100,0;95,5;0,94;-;-;-;-;-;-;-;98,1;91,3;100,0;100,0;100,0;100,0;0,98;91,4;100,0;96,2;85,2;82,4;97,1;0,92;-;-;-;-;-;-;-;-;-;159,83;157,36;3,88;-;-;-;197,75;189,64;5,19;219,93;212,74;6,03;-;-;-;3,6;-;5,1;5,5;-;-;-;3,9;4,2;4,5;4,8;5,1
PB;2504009;Campina Grande;25074377;EMEF GUSTAVO ADOLFO CANDIDO ALVES;Municipal;79,7;93,5;97,0;76,5;92,6;56,8;0,80;81,4;91,7;83,0;70,3;100,0;77,2;0,83;69,5;94,1;100,0;52,7;90,9;54,1;0,72;90,4;100,0;95,2;76,2;93,9;85,7;0,89;95,8;100,0;94,7;89,3;100,0;96,8;0,96;98,2;100,0;100,0;93,1;100,0;100,0;0,99;98,4;100,0;100,0;92,6;100,0;100,0;0,98;176,17;154,85;4,14;183,78;157,74;4,34;180,44;174,57;4,58;203,23;188,39;5,27;203,91;192,34;5,35;213,60;207,70;5,82;231,40;218,70;6,36;3,3;3,6;3,3;4,7;5,1;5,7;6,3;3,4;3,7;4,1;4,4;4,7;5,0;5,3;5,6
PB;2504009;Campina Grande;25074393;EMEF HELENO HENRIQUES;Municipal;-;-;-;-;-;-;-;59,3;93,5;87,0;35,1;100,0;52,0;0,63;74,8;96,6;85,0;63,6;96,7;60,9;0,77;82,8;100,0;100,0;71,2;100,0;75,3;0,87;76,0;69,7;89,5;63,9;85,7;75,5;0,76;92,8;95,7;100,0;86,2;100,0;87,5;0,93;95,5;100,0;100,0;92,0;86,7;100,0;0,95;-;-;-;168,67;151,20;3,93;196,32;178,99;4,96;196,48;167,45;4,76;167,91;163,10;4,13;207,05;184,68;5,27;210,57;213,44;5,86;-;2,5;3,8;4,2;3,1;4,9;5,6;-;2,7;3,1;3,3;3,6;3,9;4,2;4,5
PB;2504009;Campina Grande;25074407;EMEF HENRIQUE G BARBOSA;Municipal;78,7;93,3;79,3;69,6;100,0;74,4;0,82;72,9;77,6;93,2;63,7;96,5;53,6;0,73;65,3;96,6;93,8;52,1;97,3;39,8;0,66;83,0;89,5;94,4;68,5;93,1;75,4;0,83;82,0;100,0;93,9;68,1;100,0;67,3;0,83;92,8;100,0;100,0;80,0;98,1;83,3;0,91;88,8;100,0;98,0;88,0;82,0;81,6;0,89;193,96;169,06;4,74;182,91;162,77;4,41;185,75;166,22;4,53;188,05;183,25;4,88;179,94;170,30;4,49;190,50;191,19;5,08;217,10;220,07;6,11;3,9;3,2;3,0;4,0;3,7;4,6;5,5;3,9;4,3;4,7;5,0;5,3;5,5;5,8;6,1
PB;2504009;Campina Grande;25074482;EMEF JOSE VIRGINIO DE LIMA;Municipal;-;-;-;-;-;-;-;-;-;-;-;-;-;-;74,4;86,2;97,1;52,0;81,3;69,2;0,74;68,9;95,5;80,8;55,6;78,8;50,0;0,68;-;-;-;-;-;-;-;75,4;100,0;90,9;55,6;81,3;61,3;0,74;77,1;100,0;91,3;60,0;52,2;87,5;0,73;-;-;-;-;-;-;155,53;140,65;3,49;173,35;166,70;4,30;-;-;-;ND;ND;-;ND;ND;-;-;-;2,6;2,9;-;-;-;-;-;2,8;3,1;3,4;3,7;4,0;4,3
PB;2504009;Campina Grande;25074512;EMEF JOSELITA BRASILEIRO;Municipal;-;-;-;-;-;-;-;-;-;-;-;-;-;-;-;-;-;-;-;-;-;-;-;-;-;-;-;-;-;-;-;-;-;-;-;-;-;-;-;-;-;-;92,5;100,0;88,5;91,5;83,9;100,0;0,92;-;-;-;-;-;-;-;-;-;-;-;-;-;-;-;-;-;-;214,15;196,24;5,62;-;-;-;-;-;-;5,2;-;-;-;-;-;-;5,4;5,7
PB;2504009;Campina Grande;25074547;EMEF LILIOSA BARRETO;Municipal;-;-;-;-;-;-;-;86,1;79,6;95,8;75,8;97,6;86,5;0,86;86,4;95,6;100,0;66,0;87,5;88,2;0,86;82,3;67,9;84,0;85,0;81,8;90,6;0,81;85,2;87,1;96,2;66,7;100,0;86,7;0,86;88,0;95,8;100,0;75,0;84,6;86,7;0,88;91,3;100,0;93,3;88,9;96,0;75,0;0,90;-;-;-;184,68;159,02;4,38;180,03;160,88;4,32;168,45;154,25;3,98;165,72;165,71;4,14;183,69;176,16;4,67;ND;ND;-;-;3,8;3,7;3,2;3,5;4,1;-;-;4,0;4,3;4,6;4,9;5,2;5,4;5,7
PB;2504009;Campina Grande;25074563;ESCOLA MUNICIPAL DE ENSINO FUNDAMENTAL LINDOLFO MONTENEGRO;Municipal;71,8;88,5;70,8;50,0;83,1;75,0;0,71;71,5;94,7;88,4;47,3;86,8;84,6;0,75;85,3;83,3;80,8;70,9;97,7;97,3;0,85;87,2;100,0;94,1;64,1;100,0;100,0;0,89;86,6;93,3;94,7;70,3;85,7;93,2;0,86;99,0;100,0;100,0;100,0;100,0;96,6;0,99;97,4;100,0;100,0;100,0;94,7;93,8;0,98;184,22;169,56;4,56;169,47;156,15;4,04;175,71;164,67;4,31;205,97;186,87;5,29;180,60;165,75;4,42;215,20;192,94;5,58;233,65;215,88;6,35;3,2;3,0;3,7;4,7;3,8;5,5;6,2;3,3;3,6;4,0;4,3;4,6;4,9;5,2;5,5
PB;2504009;Campina Grande;25074580;EMEF LUIS GOMES DA SILVA;Municipal;-;-;-;-;-;-;-;89,0;86,4;100,0;90,0;87,5;81,0;0,89;88,9;100,0;100,0;77,8;100,0;0,0;0,93;90,1;91,7;100,0;84,0;100,0;73,7;0,89;95,1;100,0;93,8;86,2;100,0;100,0;0,96;94,9;100,0;100,0;83,3;-;96,0;0,94;92,6;95,2;84,8;96,8;93,1;100,0;0,94;-;-;-;177,04;161,89;4,29;189,22;158,14;4,45;206,99;162,24;4,86;174,44;158,37;4,17;239,83;227,99;6,69;218,85;213,61;6,02;-;3,8;4,2;4,3;4,0;6,3;5,6;-;4,0;4,3;4,6;4,9;5,2;5,5;5,7
PB;2504009;Campina Grande;25074636;EMEF MARECHAL CANDIDO RONDON;Municipal;-;-;-;-;-;-;-;87,5;80,0;100,0;57,1;100,0;93,1;0,82;78,9;83,3;95,0;78,9;76,2;64,0;0,78;-;-;-;-;-;-;-;86,7;-;94,1;75,0;88,2;92,0;0,87;-;-;-;-;-;-;-;-;-;-;-;-;-;-;-;-;-;185,80;168,96;4,58;214,45;191,82;5,54;-;-;-;214,99;218,84;6,05;-;-;-;-;-;-;-;3,8;4,3;-;5,2;-;-;-;4,0;4,3;4,6;4,9;5,2;5,4;5,7
PB;2504009;Campina Grande;25074644;EMEF MARIA CANDIDA DE OLIVEIRA;Municipal;77,6;100,0;92,0;60,2;93,5;64,4;0,78;77,9;98,0;98,3;57,3;85,5;67,2;0,78;82,4;89,6;86,0;71,4;94,2;72,1;0,82;82,3;87,8;85,2;75,3;93,8;75,3;0,83;86,8;86,5;89,1;74,4;97,0;90,5;0,87;81,4;84,0;90,1;66,3;80,3;87,5;0,81;93,1;100,0;100,0;81,8;91,2;98,2;0,94;172,79;156,56;4,11;198,11;170,01;4,84;212,29;195,76;5,57;200,07;188,20;5,20;200,30;187,39;5,19;206,04;217,85;5,86;222,64;201,93;5,88;3,2;3,8;4,5;4,3;4,5;4,7;5,5;3,3;3,6;4,0;4,3;4,6;4,9;5,2;5,5
PB;2504009;Campina Grande;25074695;EMEF MARIA MINERVINA FIGUEIREDO;Municipal;48,6;30,8;36,7;49,5;62,1;59,5;0,44;63,5;88,0;59,3;48,4;87,0;61,7;0,65;63,0;92,9;83,3;50,8;75,0;55,8;0,68;86,0;100,0;90,5;88,9;86,7;75,0;0,87;-;-;-;-;-;-;-;-;-;-;-;-;-;-;92,8;100,0;89,7;95,7;94,1;88,0;0,93;209,66;178,85;5,22;171,56;140,18;3,79;181,76;158,54;4,32;195,81;187,48;5,11;-;-;-;-;-;-;198,04;200,41;5,39;2,3;2,5;2,9;4,5;-;-;5,0;2,6;3,5;4,2;4,5;4,8;5,1;5,4;5,7
PB;2504009;Campina Grande;25074717;EMEF MARIINHA BORBOREMA;Municipal;52,4;80,0;93,7;23,8;100,0;39,1;0,50;57,1;-;-;-;100,0;56,8;0,72;67,3;95,0;92,0;43,6;88,0;58,7;0,69;76,2;71,4;100,0;60,0;95,0;69,6;0,76;88,7;100,0;93,3;68,2;96,6;86,4;0,87;83,3;91,7;95,8;69,2;94,4;77,8;0,84;85,7;100,0;80,0;78,6;83,3;90,0;0,86;166,60;153,02;3,93;167,87;144,80;3,80;163,74;151,12;3,84;179,29;162,60;4,34;171,55;156,18;4,08;187,52;182,39;4,86;217,03;209,45;5,91;1,9;2,8;2,6;3,3;3,6;4,1;5,1;2,2;2,8;3,3;3,6;3,9;4,2;4,5;4,8
PB;2504009;Campina Grande;25074733;EMEF MELO LEITAO;Municipal;82,7;100,0;88,2;78,3;74,9;81,7;0,84;68,1;87,0;91,6;40,0;76,9;72,7;0,67;75,6;85,0;95,0;54,3;85,7;75,0;0,76;90,2;100,0;90,9;78,3;95,2;90,5;0,90;81,9;92,3;84,6;90,5;77,3;72,0;0,83;72,9;-;89,5;68,2;95,8;48,4;0,70;88,1;100,0;93,1;71,4;86,4;92,0;0,87;167,87;152,38;3,94;182,64;160,78;4,37;202,81;185,51;5,21;208,30;191,38;5,42;202,85;186,21;5,22;193,06;178,27;4,89;239,53;231,42;6,74;3,3;2,9;4,0;4,9;4,3;3,4;5,9;3,4;3,7;4,1;4,4;4,7;5,0;5,3;5,6
PB;2504009;Campina Grande;25074741;EMEF MONSENHOR SALES;Municipal;-;-;-;-;-;-;-;85,8;93,5;92,3;71,4;95,6;73,6;0,84;86,2;82,4;95,7;75,8;95,0;87,5;0,87;79,9;72,1;90,0;75,5;90,3;74,2;0,80;89,1;87,5;94,6;80,0;100,0;80,0;0,88;82,8;100,0;85,0;78,6;79,3;75,9;0,83;88,8;100,0;89,3;79,3;87,5;90,9;0,89;-;-;-;167,93;153,52;3,96;-;-;-;209,24;190,51;5,42;217,08;188,05;5,53;227,45;211,20;6,14;206,67;213,40;5,79;-;3,3;-;4,3;4,8;5,1;5,1;-;3,5;3,9;4,1;4,4;4,7;5,0;5,3
PB;2504009;Campina Grande;25074776;EMEF PADRE CORNELIO BOER;Municipal;-;-;-;-;-;-;-;84,4;100,0;92,8;69,4;80,8;92,4;0,86;88,0;95,5;97,5;65,3;100,0;90,7;0,88;96,7;100,0;-;93,3;100,0;95,7;0,97;92,2;100,0;100,0;74,4;100,0;91,7;0,92;90,2;91,9;94,7;77,4;100,0;87,0;0,90;93,1;100,0;86,4;91,9;90,9;100,0;0,94;-;-;-;184,17;177,47;4,71;208,91;190,67;5,42;ND;ND;-;203,67;197,24;5,44;222,42;202,86;5,90;236,39;234,82;6,74;-;4,0;4,7;-;5,0;5,3;6,3;-;4,2;4,6;4,8;5,1;5,4;5,7;5,9
PB;2504009;Campina Grande;25074792;EMEF PE EMIDIO VIANA CORREIA;Municipal;-;-;-;-;-;-;-;71,8;95,0;73,1;67,1;66,7;73,9;0,74;66,5;75,0;68,4;63,8;65,9;66,2;0,68;89,7;100,0;100,0;75,9;86,7;86,8;0,89;95,8;100,0;100,0;95,1;100,0;86,4;0,96;92,8;100,0;100,0;89,1;89,7;88,9;0,93;96,5;100,0;96,1;94,1;95,8;96,7;0,97;-;-;-;184,86;164,20;4,48;179,19;160,15;4,30;186,03;170,28;4,61;172,35;164,77;4,25;193,18;179,15;4,91;208,69;200,47;5,59;-;3,3;2,9;4,1;4,1;4,6;5,4;-;3,5;3,8;4,1;4,4;4,7;5,0;5,3
PB;2504009;Campina Grande;25074806;EMEF POETA ALVARO G PINHEIRO;Municipal;-;-;-;-;-;-;-;74,8;70,4;81,5;66,7;90,4;72,4;0,75;85,2;84,6;84,3;78,8;94,1;83,7;0,85;84,5;85,7;94,6;78,0;94,0;72,3;0,84;79,9;81,6;96,9;65,1;95,2;67,3;0,79;92,0;100,0;97,6;72,9;100,0;96,9;0,92;95,5;95,7;87,5;97,7;97,7;97,9;0,95;-;-;-;179,52;153,84;4,19;213,54;188,64;5,47;188,56;169,88;4,65;203,79;184,88;5,21;210,53;204,13;5,69;225,71;222,01;6,31;-;3,2;4,6;3,9;4,1;5,2;6,0;-;3,4;3,7;4,0;4,3;4,5;4,8;5,1
PB;2504009;Campina Grande;25074814;EMEF PRESIDENTE KENNEDY;Municipal;-;-;-;-;-;-;-;63,9;-;73,9;42,9;93,1;60,8;0,62;64,9;78,7;79,1;41,7;89,3;63,4;0,66;77,9;88,9;94,7;71,2;63,5;87,0;0,79;72,7;81,0;75,0;67,4;62,9;80,0;0,73;84,7;88,9;87,5;83,9;83,3;82,6;0,85;86,5;92,3;85,7;88,2;76,2;84,8;0,85;-;-;-;188,86;174,02;4,73;213,63;195,60;5,60;211,54;201,84;5,67;221,48;201,46;5,85;217,24;203,41;5,81;210,34;214,79;5,88;-;3,0;3,7;4,5;4,2;4,9;5,0;-;3,2;3,6;3,9;4,2;4,5;4,8;5,1
PB;2504009;Campina Grande;25074865;EMEF PROF CAPIBA;Municipal;-;-;-;-;-;-;-;82,3;84,0;94,4;55,0;87,5;91,3;0,79;90,6;90,5;85,2;84,0;96,3;96,3;0,90;88,8;88,9;100,0;58,3;100,0;100,0;0,86;98,6;91,7;100,0;100,0;100,0;100,0;0,98;-;-;-;-;-;-;-;-;-;-;-;-;-;-;-;-;-;191,34;178,60;4,86;188,27;175,23;4,74;197,71;175,17;4,92;199,77;192,43;5,28;-;-;-;-;-;-;-;3,9;4,3;4,2;5,2;-;-;-;4,1;4,4;4,7;5,0;5,2;5,5;5,8
PB;2504009;Campina Grande;25074890;EMEF PROF MIRON;Municipal;91,3;-;91,7;72,7;100,0;97,1;0,89;81,1;-;-;66,6;96,8;76,3;0,78;81,7;-;-;72,1;95,0;89,5;0,84;87,7;-;-;76,2;100,0;89,3;0,87;72,2;-;-;72,2;75,0;70,8;0,73;69,8;-;-;-;100,0;58,1;0,73;63,4;-;-;-;63,2;63,6;0,63;171,69;164,53;4,23;170,24;147,37;3,89;-;-;-;209,18;186,02;5,34;168,83;175,10;4,37;198,89;189,07;5,20;203,63;198,00;5,45;3,8;3,0;-;4,7;3,2;3,8;3,5;3,8;4,2;4,6;4,9;5,1;5,4;5,7;6,0
PB;2504009;Campina Grande;25074903;EMEF PROFESSORA NELY DE LIMA E MELO;Municipal;-;-;-;-;-;-;-;73,4;90,0;88,9;40,4;100,0;82,4;0,72;92,4;96,7;84,8;86,7;100,0;100,0;0,93;86,7;94,4;95,5;67,5;100,0;90,0;0,88;81,0;100,0;100,0;54,8;92,0;73,1;0,80;75,2;85,7;100,0;44,0;90,0;60,0;0,69;84,6;91,7;75,0;68,2;90,5;100,0;0,83;-;-;-;179,07;149,02;4,09;158,70;142,99;3,59;159,03;161,57;3,94;160,16;146,06;3,68;162,72;148,21;3,76;170,21;180,29;4,49;-;3,0;3,3;3,5;2,9;2,6;3,7;-;3,1;3,5;3,8;4,0;4,3;4,6;4,9
PB;2504009;Campina Grande;25074920;EMEF PROF SELMA AGRA VILARIM;Municipal;-;-;-;-;-;-;-;75,4;75,0;100,0;100,0;100,0;-;0,92;76,4;87,5;89,3;47,5;94,4;69,0;0,73;81,5;94,1;87,1;75,0;95,2;66,7;0,82;87,4;96,3;85,7;80,6;89,5;85,7;0,87;-;-;-;-;-;-;-;75,9;88,5;60,0;61,5;86,4;83,3;0,74;-;-;-;176,87;159,90;4,25;181,45;166,71;4,46;193,41;152,53;4,43;182,98;166,91;4,49;-;-;-;202,67;222,23;5,87;-;3,9;3,2;3,6;3,9;-;4,3;-;4,1;4,5;4,7;5,0;5,3;5,6;5,8
PB;2504009;Campina Grande;25074938;EMEF PROFA LUZIA DANTAS;Municipal;-;-;-;-;-;-;-;92,7;100,0;96,0;74,1;100,0;100,0;0,93;92,5;97,6;97,7;81,4;100,0;90,5;0,93;86,9;100,0;89,5;74,5;94,6;86,3;0,88;88,4;100,0;100,0;68,0;100,0;77,8;0,87;85,6;100,0;100,0;65,5;89,7;79,3;0,85;94,9;100,0;100,0;89,3;90,9;100,0;0,96;-;-;-;197,46;175,47;4,92;202,65;180,00;5,10;201,05;183,30;5,13;214,76;204,65;5,78;184,02;174,40;4,65;206,68;212,02;5,76;-;4,6;4,7;4,5;5,0;3,9;5,5;-;4,8;5,1;5,4;5,6;5,9;6,1;6,4
PB;2504009;Campina Grande;25074962;EMEF SANDRA CAVALCANTI;Municipal;-;-;-;-;-;-;-;88,4;100,0;100,0;77,8;83,3;82,1;0,88;89,7;100,0;85,7;100,0;100,0;76,2;0,91;-;-;-;-;-;-;-;72,7;82,4;75,0;66,7;78,9;68,0;0,74;99,2;100,0;100,0;96,7;100,0;100,0;0,99;100,0;100,0;100,0;100,0;100,0;100,0;1,00;-;-;-;169,78;153,82;4,00;202,45;174,00;4,99;-;-;-;156,22;140,80;3,51;207,54;198,51;5,53;238,21;227,12;6,64;-;3,5;4,6;-;2,6;5,5;6,6;-;3,7;4,0;4,3;4,6;4,9;5,2;5,5
PB;2504009;Campina Grande;25075020;EMEF STELLITA CRUZ;Municipal;74,6;89,2;92,7;59,6;100,0;67,7;0,79;61,8;91,1;95,8;41,1;96,8;44,9;0,64;56,4;73,7;100,0;38,0;90,2;39,5;0,58;86,3;100,0;86,5;79,5;83,0;90,2;0,87;85,6;85,0;100,0;76,3;94,4;82,3;0,87;77,0;70,0;85,0;72,3;80,0;79,6;0,77;92,2;95,0;87,0;89,5;100,0;90,0;0,92;178,29;168,30;4,43;169,82;163,35;4,17;189,79;176,34;4,79;197,06;192,42;5,22;194,81;196,17;5,25;202,27;200,53;5,47;216,10;211,42;5,93;3,5;2,7;2,8;4,6;4,6;4,2;5,5;3,5;3,9;4,3;4,6;4,9;5,2;5,5;5,7
PB;2504009;Campina Grande;25075047;EMEF SANTO ANTONIO 2;Municipal;72,6;93,7;71,8;56,9;95,2;59,6;0,72;84,3;100,0;94,0;82,5;100,0;50,0;0,80;71,6;100,0;92,0;59,6;96,3;52,9;0,75;92,7;100,0;100,0;91,7;92,0;85,2;0,93;79,4;95,0;81,3;65,4;100,0;69,0;0,80;-;-;-;-;-;-;-;89,3;100,0;100,0;82,6;77,4;100,0;0,91;167,38;157,87;4,03;186,53;181,34;4,82;171,64;155,82;4,07;174,43;160,24;4,21;154,96;133,61;3,35;-;-;-;247,87;227,02;6,82;2,9;3,8;3,0;3,9;2,7;-;6,2;3,0;3,3;3,7;4,0;4,3;4,6;4,9;5,2
PB;2504009;Campina Grande;25075071;EMEF TIRADENTES;Municipal;59,1;85,8;86,7;50,6;73,3;37,2;0,60;72,2;100,0;100,0;52,0;75,4;59,4;0,72;67,4;95,5;88,0;54,5;91,1;43,9;0,68;68,1;88,2;92,9;55,9;72,0;67,1;0,73;87,9;93,3;-;75,0;100,0;88,9;0,88;90,4;95,2;100,0;65,0;-;96,6;0,87;-;-;-;-;-;-;-;161,74;155,71;3,88;160,42;147,39;3,71;185,19;168,12;4,55;182,15;175,68;4,63;196,22;174,14;4,87;181,32;173,99;4,59;-;-;-;2,3;2,7;3,1;3,4;4,3;4,0;-;2,4;2,9;3,3;3,6;3,9;4,2;4,5;4,8
PB;2504009;Campina Grande;25075462;EMEF DEZENOVE DE MARCO;Municipal;-;-;-;-;-;-;-;96,7;95,8;96,2;87,5;100,0;100,0;0,96;83,7;100,0;93,5;84,4;85,7;48,0;0,77;77,3;94,4;91,7;69,6;82,6;50,0;0,74;74,0;100,0;82,6;65,4;90,0;45,5;0,71;71,6;90,9;70,6;52,2;55,6;86,4;0,68;83,5;94,4;100,0;76,9;64,7;80,0;0,81;-;-;-;173,20;163,62;4,24;155,47;143,12;3,53;204,15;180,24;5,14;221,40;186,04;5,57;223,66;213,47;6,11;222,91;214,63;6,12;-;4,1;2,7;3,8;4,0;4,1;5,0;-;4,3;4,6;4,9;5,1;5,4;5,7;6,0
PB;2504009;Campina Grande;25076183;EMEF ADALGISA AMORIM;Municipal;72,3;100,0;100,0;50,0;100,0;64,8;0,76;77,9;97,6;97,2;62,7;85,7;67,7;0,79;78,7;100,0;100,0;68,1;96,8;63,5;0,82;76,0;93,8;100,0;46,0;100,0;78,3;0,77;91,4;100,0;100,0;65,2;100,0;100,0;0,90;85,3;100,0;95,0;55,2;95,7;90,9;0,83;90,8;100,0;86,0;85,7;90,6;100,0;0,92;186,58;181,51;4,82;192,37;172,14;4,77;224,78;196,60;5,83;193,12;176,25;4,85;211,76;192,14;5,50;207,87;208,21;5,72;ND;ND;-;3,7;3,8;4,8;3,7;5,0;4,8;-;3,8;4,1;4,5;4,8;5,1;5,4;5,6;5,9
PB;2504009;Campina Grande;25076221;EMEF JOAO FRANCISCO DA MOTA;Municipal;-;-;-;-;-;-;-;-;-;-;-;-;-;-;81,2;93,8;91,7;55,0;89,7;79,2;0,79;85,6;85,7;93,3;69,2;94,7;91,3;0,86;87,1;100,0;100,0;65,2;93,8;85,0;0,87;96,3;100,0;92,6;100,0;100,0;90,5;0,96;89,5;100,0;76,9;91,7;90,0;90,9;0,89;-;-;-;-;-;-;189,31;185,78;4,95;162,37;152,04;3,83;189,18;178,13;4,81;219,38;201,98;5,82;210,20;207,67;5,75;-;-;3,9;3,3;4,2;5,6;5,1;-;-;4,2;4,5;4,8;5,0;5,3;5,6
PB;2504009;Campina Grande;25076256;EMEF NOSSA SRA DO PERPETUO SOCORRO;Municipal;-;-;-;-;-;-;-;-;-;-;-;-;-;-;-;-;-;-;-;-;-;96,4;100,0;96,3;90,3;100,0;97,0;0,97;91,9;100,0;100,0;87,0;100,0;80,0;0,93;87,3;95,2;95,2;87,5;92,9;73,3;0,88;93,6;100,0;91,7;100,0;86,4;90,0;0,93;-;-;-;-;-;-;-;-;-;205,09;189,27;5,32;188,95;167,60;4,62;189,42;191,84;5,07;211,49;204,78;5,72;-;-;-;5,1;4,3;4,5;5,3;-;-;-;5,4;5,7;5,9;6,2;6,4
PB;2504009;Campina Grande;25076280;EMEF IRACEMA PIMENTEL;Municipal;-;-;-;-;-;-;-;-;-;-;-;-;-;-;82,0;94,1;81,5;71,2;86,0;79,2;0,82;83,7;94,6;77,6;87,9;83,6;77,6;0,84;92,5;97,4;94,3;90,6;90,9;91,4;0,93;90,9;100,0;100,0;86,8;83,9;86,3;0,91;95,8;100,0;97,4;94,2;100,0;88,6;0,96;-;-;-;-;-;-;154,55;139,74;3,45;184,94;178,82;4,74;171,21;162,93;4,19;191,81;187,14;5,03;198,14;186,33;5,13;-;-;2,8;4,0;3,9;4,6;4,9;-;-;3,1;3,4;3,7;4,0;4,3;4,6
PB;2504009;Campina Grande;25076493;EMEF CICERO CORREIA DE MENESES;Municipal;82,1;97,9;92,3;44,5;95,3;73,9;0,74;-;-;-;-;-;-;-;92,0;100,0;100,0;81,6;90,9;96,9;0,93;-;-;-;-;-;-;-;85,3;100,0;100,0;60,9;100,0;76,5;0,84;88,6;100,0;100,0;67,6;100,0;78,0;0,87;87,6;100,0;85,7;82,6;84,2;84,4;0,87;152,13;135,47;3,33;-;-;-;201,70;180,76;5,10;-;-;-;191,62;183,25;4,95;198,53;186,81;5,15;202,74;189,66;5,28;2,5;-;4,8;-;4,2;4,5;4,6;2,5;2,8;3,2;3,5;3,8;4,1;4,4;4,7
PB;2504009;Campina Grande;25076582;EEEFM IRMA JOAQUINA SAMPAIO;Estadual;62,9;-;54,1;64,8;66,0;71,4;0,63;81,4;94,7;58,7;90,0;83,3;81,8;0,79;77,3;100,0;75,0;57,1;69,6;87,1;0,75;83,2;100,0;95,2;71,4;84,4;73,3;0,83;91,7;94,6;-;84,0;86,7;97,0;0,90;83,3;-;-;-;-;83,3;0,83;-;-;-;-;-;-;-;155,12;152,41;3,70;165,64;146,61;3,79;178,10;166,17;4,38;-;-;-;188,05;174,11;4,72;169,77;159,45;4,10;-;-;-;2,3;3,0;3,3;-;4,3;3,4;-;2,4;2,8;3,2;3,4;3,7;4,0;4,3;4,7
PB;2504009;Campina Grande;25076590;EEEFM JOSE MIGUEL LEAO;Estadual;79,3;-;48,3;72,4;95,8;89,7;0,71;73,9;62,1;78,1;52,4;67,8;97,1;0,68;81,3;83,3;73,8;93,9;91,2;66,7;0,80;87,6;100,0;100,0;80,0;96,2;71,4;0,88;86,9;94,1;95,2;79,2;84,2;86,7;0,87;81,3;-;-;60,9;85,7;100,0;0,79;79,2;-;-;-;-;79,2;0,79;163,73;154,72;3,90;182,25;161,21;4,37;169,96;149,42;3,92;168,54;165,94;4,20;173,49;156,16;4,11;-;-;-;166,93;153,00;3,93;2,8;3,0;3,2;3,7;3,6;-;3,1;2,8;3,2;3,6;3,9;4,2;4,5;4,8;5,1
PB;2504009;Campina Grande;25076930;EMEF SAO CLEMENTE;Municipal;70,4;87,2;93,2;56,2;88,6;63,4;0,75;-;-;-;-;-;-;-;81,6;100,0;100,0;58,3;93,1;84,6;0,84;77,8;100,0;81,0;60,3;100,0;84,4;0,82;90,0;91,7;93,3;100,0;95,2;75,7;0,90;80,2;73,3;100,0;56,5;92,9;82,5;0,78;95,2;100,0;94,4;100,0;85,3;100,0;0,96;161,52;157,91;3,92;-;-;-;172,51;154,50;4,07;184,05;165,20;4,48;163,88;160,37;4,01;190,01;178,71;4,84;ND;ND;-;2,9;-;3,4;3,7;3,6;3,8;-;3,0;3,3;3,7;4,0;4,3;4,6;4,9;5,2
PB;2504009;Campina Grande;25077023;EMEF LUIS JUVINO GOMES;Municipal;-;-;-;-;-;-;-;-;-;-;-;-;-;-;92,3;96,0;96,6;78,0;100,0;98,0;0,93;89,7;98,0;100,0;77,3;93,9;82,5;0,89;82,2;100,0;100,0;68,8;100,0;64,1;0,83;83,2;97,9;100,0;64,6;96,8;68,6;0,83;94,3;100,0;94,9;92,3;91,7;95,7;0,95;-;-;-;-;-;-;186,96;170,65;4,63;190,42;167,31;4,64;173,62;157,51;4,14;192,36;180,80;4,92;ND;ND;-;-;-;4,3;4,1;3,4;4,1;-;-;-;4,6;4,9;5,1;5,4;5,7;6,0
PB;2504009;Campina Grande;25077040;EMEF PROF LUIS GIL;Municipal;-;-;-;-;-;-;-;-;-;-;-;-;-;-;90,1;100,0;95,7;80,0;100,0;81,3;0,90;89,4;100,0;96,7;73,0;96,0;90,3;0,90;87,2;100,0;95,2;64,5;96,2;89,3;0,87;94,1;100,0;100,0;81,5;100,0;88,9;0,93;85,2;100,0;73,2;80,8;87,5;95,5;0,86;-;-;-;-;-;-;162,68;149,22;3,78;170,43;163,90;4,20;175,79;157,48;4,18;203,77;194,84;5,40;241,95;228,78;6,74;-;-;3,4;3,8;3,6;5,0;5,8;-;-;3,7;4,0;4,3;4,6;4,9;5,2
PB;2504009;Campina Grande;25077058;EMEF PROF MAURO LUNA;Municipal;-;-;-;-;-;-;-;-;-;-;-;-;-;-;86,5;88,9;100,0;73,5;100,0;84,6;0,88;86,7;93,8;100,0;86,2;96,2;71,8;0,88;85,5;95,2;100,0;64,3;88,9;87,9;0,85;95,1;100,0;100,0;87,5;97,1;90,5;0,95;89,2;100,0;81,3;75,9;95,8;96,9;0,89;-;-;-;-;-;-;166,14;153,45;3,92;201,29;171,74;4,93;193,00;181,16;4,94;195,23;173,14;4,84;220,60;201,86;5,84;-;-;3,5;4,4;4,2;4,6;5,2;-;-;3,7;4,0;4,3;4,6;4,9;5,2
PB;2504009;Campina Grande;25077066;EMEF ANTONIO ALVES DE ARAUJO;Municipal;-;-;-;-;-;-;-;-;-;-;-;-;-;-;-;-;-;-;-;-;-;89,0;100,0;100,0;71,9;100,0;84,6;0,90;86,4;100,0;100,0;64,5;100,0;79,4;0,86;93,6;100,0;100,0;77,8;100,0;95,7;0,94;92,1;94,7;76,9;86,4;100,0;100,0;0,91;-;-;-;-;-;-;-;-;-;174,82;171,29;4,41;165,98;154,40;3,94;175,94;167,55;4,37;201,17;180,62;5,09;-;-;-;4,0;3,4;4,1;4,6;-;-;-;4,2;4,5;4,8;5,1;5,4
PB;2504009;Campina Grande;25108662;EMEF CEAI DR JOAO PEREIRA DE ASSIS;Municipal;68,6;-;75,9;63,1;96,6;61,4;0,72;72,2;100,0;96,4;51,5;93,7;66,0;0,76;72,7;87,5;95,8;56,4;97,1;62,9;0,76;69,9;76,9;56,3;64,3;85,7;70,5;0,69;85,1;70,0;100,0;66,7;100,0;84,8;0,82;77,5;80,0;-;56,3;88,9;81,0;0,74;90,7;86,7;100,0;92,6;88,2;85,2;0,90;189,05;177,50;4,80;193,72;166,94;4,70;187,75;174,40;4,72;218,29;192,25;5,63;192,01;180,37;4,91;232,55;230,26;6,59;219,81;200,10;5,80;3,4;3,6;3,6;3,9;4,0;4,9;5,2;3,5;3,9;4,3;4,6;4,8;5,1;5,4;5,7
PB;2504009;Campina Grande;25114034;EEEF DOM HELDER CAMARA;Estadual;83,3;-;90,0;84,9;74,3;87,0;0,84;89,2;86,3;88,3;88,9;93,9;-;0,89;74,1;100,0;80,6;71,2;75,0;64,9;0,77;84,6;100,0;66,7;79,5;81,8;93,9;0,83;89,4;100,0;91,2;77,5;84,4;96,6;0,89;82,8;-;-;58,8;100,0;87,0;0,78;87,0;-;-;94,4;96,6;77,8;0,89;164,92;162,11;4,06;188,29;181,08;4,85;181,28;166,82;4,46;198,25;173,97;4,91;192,86;181,07;4,94;199,81;186,37;5,17;211,77;201,01;5,66;3,4;4,3;3,4;4,1;4,4;4,0;5,0;3,5;3,8;4,2;4,5;4,8;5,1;5,4;5,7
PB;2504009;Campina Grande;25114433;EEEF SENADOR HUMBERTO LUCENA;Estadual;-;-;-;-;-;-;-;-;-;-;-;-;-;-;83,3;-;-;70,0;93,4;70,4;0,77;79,9;78,3;85,4;78,6;84,2;73,8;0,80;79,3;100,0;100,0;76,5;87,3;60,3;0,82;77,0;-;-;68,2;82,8;77,4;0,76;64,3;-;-;-;-;64,3;0,64;-;-;-;-;-;-;189,11;166,53;4,60;205,70;178,33;5,13;182,04;168,00;4,49;203,15;188,04;5,26;195,24;191,07;5,16;-;-;3,5;4,1;3,7;4,0;3,3;-;-;3,8;4,1;4,4;4,7;5,0;5,3
PB;2504009;Campina Grande;25114808;EEEFM PROF ITAN PEREIRA;Estadual;72,4;-;50,0;67,7;72,1;82,7;0,66;61,8;50,0;60,7;67,8;66,6;60,4;0,60;76,8;100,0;73,7;89,5;69,2;73,1;0,80;68,8;77,8;63,6;71,4;56,0;76,5;0,68;76,1;-;-;61,5;81,8;78,1;0,73;-;-;-;-;-;-;-;-;-;-;-;-;-;-;162,90;157,66;3,94;181,84;168,96;4,51;-;-;-;191,77;169,50;4,71;199,71;177,20;5,00;-;-;-;-;-;-;2,6;2,7;-;3,2;3,6;-;-;2,7;3,0;3,4;3,7;4,0;4,3;4,6;4,9
PB;2504009;Campina Grande;25117459;EEEFM PREFEITO WILLIAMS DE SOUSA ARRUDA;Estadual;75,2;-;72,8;72,8;74,1;79,0;0,75;70,0;58,3;75,0;75,9;68,0;67,8;0,68;73,1;100,0;47,6;76,2;80,0;75,0;0,71;98,6;100,0;100,0;100,0;95,0;100,0;0,99;89,2;100,0;95,0;100,0;73,3;89,5;0,90;81,1;-;-;66,7;88,2;83,3;0,78;91,7;-;-;-;-;91,7;0,92;172,17;169,23;4,33;193,36;179,52;4,92;191,12;176,15;4,81;-;-;-;176,15;191,47;4,81;190,31;177,20;4,82;201,06;199,57;5,43;3,2;3,4;3,4;-;4,3;3,8;5,0;3,3;3,6;4,0;4,3;4,6;4,9;5,2;5,5
PB;2504009;Campina Grande;25117688;EEEF IRMA STEFANIE;Estadual;74,0;-;53,9;82,6;86,7;79,5;0,73;87,7;100,0;100,0;76,9;86,7;76,9;0,87;91,7;87,5;100,0;100,0;90,0;88,2;0,93;-;-;-;-;-;-;-;82,6;73,7;97,1;83,3;78,6;78,2;0,81;67,9;-;-;57,1;94,7;60,0;0,67;-;-;-;-;-;-;-;179,41;171,75;4,51;191,11;181,76;4,92;192,04;177,65;4,86;-;-;-;199,95;180,57;5,06;196,03;192,24;5,20;-;-;-;3,3;4,3;4,5;-;4,1;3,5;-;3,4;3,7;4,1;4,4;4,7;5,0;5,3;5,6
PB;2504009;Campina Grande;25117858;EEEF REITOR EDVALDO DO O;Estadual;79,0;70,6;67,5;72,7;77,8;89,1;0,75;76,2;92,1;59,1;93,7;86,5;63,8;0,76;65,3;83,3;41,7;42,9;81,3;88,2;0,60;77,0;100,0;85,7;76,2;54,5;100,0;0,79;78,8;-;76,9;88,9;66,7;90,0;0,79;85,7;-;-;-;71,4;100,0;0,83;-;-;-;-;-;-;-;181,42;174,07;4,59;192,42;174,39;4,81;-;-;-;-;-;-;193,07;193,61;5,17;-;-;-;-;-;-;3,4;3,7;-;-;4,1;-;-;3,5;3,8;4,3;4,5;4,8;5,1;5,4;5,7
PB;2504009;Campina Grande;25117866;EEEF POETISA VICENTINA FIGUEIREDO VITAL DO REGO;Estadual;65,0;-;73,6;65,7;66,7;60,3;0,66;86,3;93,3;94,7;84,3;87,2;68,7;0,85;79,2;100,0;65,5;78,6;-;81,8;0,80;85,5;100,0;92,6;82,1;80,0;83,3;0,87;77,9;100,0;100,0;74,3;81,5;62,9;0,81;95,4;-;-;100,0;100,0;90,0;0,96;58,3;-;-;-;-;58,3;0,58;167,55;163,33;4,13;167,33;155,14;3,98;183,50;155,01;4,28;191,57;174,98;4,80;193,31;183,65;4,99;198,47;200,23;5,39;189,70;177,75;4,82;2,7;3,4;3,4;4,2;4,1;5,2;2,8;2,8;3,1;3,5;3,8;4,1;4,4;4,7;5,0
PB;2504009;Campina Grande;25117882;EMEF DR WILLIAMS DE SOUZA ARRUDA;Municipal;66,6;79,1;90,3;41,9;83,9;64,4;0,67;74,5;87,5;97,1;56,9;91,2;64,3;0,76;74,3;97,6;91,4;58,3;87,3;65,2;0,77;83,2;91,2;100,0;65,0;83,7;84,7;0,83;87,7;91,2;93,8;71,4;94,4;88,2;0,87;85,9;87,1;86,1;75,0;97,6;84,6;0,85;84,1;95,9;87,0;75,5;83,0;79,1;0,84;187,02;179,52;4,80;174,74;157,62;4,16;190,61;174,80;4,78;193,35;192,15;5,15;199,08;184,75;5,12;203,00;198,21;5,44;204,72;202,06;5,54;3,2;3,2;3,7;4,3;4,4;4,7;4,6;3,3;3,6;4,0;4,3;4,6;4,9;5,2;5,5
PB;2504009;Campina Grande;25120646;EMEF MARIA DAS VITORIAS PIRES UCHOA QUEIROZ;Municipal;67,8;95,2;84,1;47,0;94,6;65,9;0,72;57,0;85,2;90,7;51,8;43,1;41,8;0,56;67,7;92,3;85,7;54,4;97,9;49,2;0,70;82,9;100,0;100,0;71,9;83,3;80,5;0,86;86,8;94,1;95,5;71,0;95,5;86,2;0,87;80,8;85,2;96,1;64,5;93,9;72,7;0,81;82,7;98,6;86,7;71,6;72,0;85,5;0,82;173,88;162,61;4,24;161,58;136,04;3,52;154,85;138,66;3,44;182,28;166,04;4,46;162,05;149,67;3,78;184,84;179,42;4,75;192,76;170,02;4,73;3,1;2,0;2,4;3,8;3,3;3,8;3,9;3,1;3,5;3,9;4,1;4,4;4,7;5,0;5,3
PB;2504009;Campina Grande;25120670;EEEFM MAJOR VENEZIANO VITAL DO REGO;Estadual;59,6;-;55,2;57,1;57,2;62,9;0,58;88,4;78,6;82,7;93,7;88,3;90,2;0,86;65,6;-;50,0;63,0;67,3;72,5;0,62;94,9;-;91,7;96,2;93,9;95,7;0,94;78,0;-;-;66,7;90,6;74,6;0,76;-;-;-;-;-;-;-;-;-;-;-;-;-;-;175,06;169,50;4,39;176,08;152,15;4,09;161,15;140,64;3,60;187,83;173,23;4,70;188,84;165,32;4,57;-;-;-;-;-;-;2,5;3,5;2,2;4,4;3,5;-;-;2,7;3,2;3,6;3,9;4,2;4,5;4,8;5,1
PB;2504009;Campina Grande;25121669;EMEF CASSIANO PASCOAL PEREIRA;Municipal;87,7;96,4;96,2;65,5;93,3;90,9;0,87;89,8;95,8;94,2;76,9;98,7;85,9;0,90;86,2;93,2;98,3;72,1;92,2;80,8;0,86;90,6;94,5;94,7;76,7;97,0;90,1;0,90;88,3;93,5;97,4;77,4;96,1;83,3;0,89;91,7;100,0;100,0;80,0;100,0;84,8;0,92;91,9;100,0;76,7;84,9;96,0;100,0;0,91;180,16;177,78;4,63;208,80;183,83;5,29;219,08;191,18;5,62;224,72;209,36;6,06;220,27;206,83;5,93;206,61;203,34;5,60;236,34;230,18;6,66;4,0;4,7;4,8;5,5;5,3;5,2;6,0;4,1;4,4;4,8;5,1;5,4;5,7;5,9;6,2
PB;2504009;Campina Grande;25121677;EMEF MANOEL FRANCISCO DA MOTTA;Municipal;84,2;82,2;78,7;83,0;90,4;89,8;0,85;80,2;85,7;65,8;78,7;88,0;83,5;0,79;83,0;81,2;81,1;78,2;89,5;85,3;0,83;86,9;91,8;90,0;83,1;81,0;91,2;0,87;91,6;96,0;98,6;90,1;86,8;90,0;0,92;90,9;89,4;92,5;92,9;85,0;93,2;0,90;93,8;100,0;96,6;91,1;87,3;95,4;0,94;182,99;175,98;4,66;197,82;182,59;5,06;208,89;187,80;5,37;233,72;210,23;6,25;228,03;215,03;6,23;235,41;227,70;6,60;237,12;239,42;6,84;3,9;4,0;4,4;5,4;5,7;6,0;6,4;4,0;4,3;4,8;5,0;5,3;5,6;5,9;6,1
PB;2504009;Campina Grande;25121685;EMEF ROBERTO SIMONSEN;Municipal;68,5;80,9;74,4;52,5;73,7;63,2;0,67;74,0;82,2;76,3;55,8;97,1;62,5;0,72;88,2;81,6;86,0;86,5;94,1;96,4;0,89;94,9;94,7;100,0;94,1;94,6;92,2;0,95;94,0;91,7;97,1;93,5;95,0;92,9;0,94;93,1;97,0;100,0;88,1;95,0;87,2;0,93;96,8;100,0;100,0;100,0;91,7;95,5;0,97;165,34;162,02;4,07;182,68;172,60;4,59;186,85;174,24;4,70;182,29;172,81;4,58;192,90;189,89;5,10;213,60;192,65;5,54;217,22;210,94;5,94;2,7;3,3;4,2;4,4;4,8;5,2;5,8;2,8;3,1;3,5;3,8;4,1;4,4;4,7;5,0
PB;2504009;Campina Grande;25122541;EMEF SEMENTE DE VIDA;Municipal;-;-;-;-;-;-;-;99,2;100,0;100,0;98,1;-;100,0;1,00;84,3;94,4;85,0;74,1;50,0;100,0;0,76;-;-;-;-;-;-;-;-;-;-;-;-;-;-;-;-;-;-;-;-;-;-;-;-;-;-;-;-;-;-;-;205,80;182,33;5,21;-;-;-;-;-;-;-;-;-;-;-;-;-;-;-;-;5,2;-;-;-;-;-;-;5,4;5,7;5,9;6,2;6,4;6,6;6,8
PB;2504009;Campina Grande;25122576;EMEF PAULO FREIRE;Municipal;-;-;-;-;-;-;-;65,4;95,0;72,1;27,5;81,3;42,9;0,52;99,6;97,8;100,0;100,0;100,0;100,0;1,00;86,1;95,9;87,2;83,3;68,3;94,9;0,85;83,5;97,4;92,9;63,2;91,1;81,0;0,83;90,0;100,0;96,2;68,6;100,0;80,0;0,87;78,6;93,8;70,7;75,6;78,9;69,7;0,77;-;-;-;167,85;156,82;4,02;185,64;158,64;4,39;178,52;159,81;4,28;166,78;159,91;4,05;191,76;186,54;5,02;175,84;168,92;4,39;-;2,1;4,4;3,6;3,4;4,4;3,4;-;2,7;3,1;3,4;3,7;4,0;4,3;4,6
PB;2504009;Campina Grande;25128531;ESCOLA MUNICIPAL PROFESSOR ERALDO CEZAR DE ARAUJO;Municipal;-;-;-;-;-;-;-;-;-;-;-;-;-;-;-;-;-;-;-;-;-;-;-;-;-;-;-;-;-;-;-;-;-;-;-;-;-;-;-;-;-;-;92,0;100,0;93,6;85,6;82,9;98,6;0,92;-;-;-;-;-;-;-;-;-;-;-;-;-;-;-;-;-;-;200,36;193,67;5,31;-;-;-;-;-;-;4,9;-;-;-;-;-;-;5,1;5,4
PB;2504009;Campina Grande;25148800;EMEF MARIA SALOME ALVES DOS SANTOS;Municipal;-;-;-;-;-;-;-;-;-;-;-;-;-;-;92,0;95,5;100,0;78,3;100,0;85,2;0,91;83,0;83,3;82,1;74,2;89,7;87,0;0,83;88,2;96,0;83,3;71,4;100,0;87,5;0,86;-;-;-;-;-;-;-;87,9;100,0;80,0;81,8;86,7;90,0;0,87;-;-;-;-;-;-;188,09;188,46;4,98;186,66;164,60;4,52;188,89;175,14;4,75;-;-;-;188,25;176,30;4,76;-;-;4,5;3,7;4,1;-;4,2;-;-;4,8;5,1;5,4;5,6;5,9;6,2
PB;2504009;Campina Grande;25150200;EMEF ESTUDANTE LEONARDO VITORINO GUIMARAES;Municipal;-;-;-;-;-;-;-;-;-;-;-;-;-;-;94,1;93,3;100,0;90,6;96,9;87,5;0,93;99,4;100,0;100,0;97,0;100,0;100,0;0,99;100,0;100,0;100,0;100,0;100,0;100,0;1,00;100,0;100,0;100,0;100,0;100,0;100,0;1,00;100,0;100,0;100,0;100,0;100,0;100,0;1,00;-;-;-;-;-;-;188,04;166,56;4,58;211,16;175,67;5,19;216,70;204,88;5,82;218,98;205,52;5,88;230,17;217,26;6,31;-;-;4,3;5,2;5,8;5,9;6,3;-;-;4,6;4,8;5,1;5,4;5,7;6,0
PB;2504009;Campina Grande;25251945;EEEF ZULEIDE CAVALCANTE PORTO;Estadual;-;-;-;-;-;-;-;-;-;-;-;-;-;-;93,8;95,7;89,2;92,7;100,0;89,5;0,93;-;-;-;-;-;-;-;72,2;89,5;84,2;62,9;62,5;74,4;0,73;82,0;84,6;95,8;71,4;94,4;71,4;0,82;81,1;-;100,0;76,5;91,7;57,9;0,78;-;-;-;-;-;-;142,09;131,14;3,06;-;-;-;172,46;146,64;3,92;182,93;161,98;4,40;170,68;151,71;3,98;-;-;2,9;-;2,9;3,6;3,1;-;-;3,1;3,4;3,7;4,0;4,3;4,6
