NU_ANO_CENSO,CO_ESCOLA,NO_ESCOLA_x,NU_LATITUDE,NU_LONGITUDE,TP_SITUACAO_FUNCIONAMENTO,DT_ANO_LETIVO_INICIO,DT_ANO_LETIVO_TERMINO,CO_REGIAO,CO_MESORREGIAO,CO_MICRORREGIAO,CO_UF,CO_MUNICIPIO,CO_DISTRITO,TP_DEPENDENCIA,TP_LOCALIZACAO,TP_CATEGORIA_ESCOLA_PRIVADA,IN_CONVENIADA_PP,TP_CONVENIO_PODER_PUBLICO,IN_MANT_ESCOLA_PRIVADA_EMP,IN_MANT_ESCOLA_PRIVADA_ONG,IN_MANT_ESCOLA_PRIVADA_SIND,IN_MANT_ESCOLA_PRIVADA_SIST_S,IN_MANT_ESCOLA_PRIVADA_S_FINS,NU_CNPJ_ESCOLA_PRIVADA,NU_CNPJ_MANTENEDORA,CO_ESCOLA_SEDE_VINCULADA,CO_IES_OFERTANTE,TP_REGULAMENTACAO,IN_LOCAL_FUNC_PREDIO_ESCOLAR,TP_OCUPACAO_PREDIO_ESCOLAR,IN_LOCAL_FUNC_SALAS_EMPRESA,IN_LOCAL_FUNC_SOCIOEDUCATIVO,IN_LOCAL_FUNC_UNID_PRISIONAL,IN_LOCAL_FUNC_PRISIONAL_SOCIO,IN_LOCAL_FUNC_TEMPLO_IGREJA,IN_LOCAL_FUNC_CASA_PROFESSOR,IN_LOCAL_FUNC_GALPAO,TP_OCUPACAO_GALPAO,IN_LOCAL_FUNC_SALAS_OUTRA_ESC,IN_LOCAL_FUNC_OUTROS,IN_PREDIO_COMPARTILHADO,IN_AGUA_FILTRADA,IN_AGUA_REDE_PUBLICA,IN_AGUA_POCO_ARTESIANO,IN_AGUA_CACIMBA,IN_AGUA_FONTE_RIO,IN_AGUA_INEXISTENTE,IN_ENERGIA_REDE_PUBLICA,IN_ENERGIA_GERADOR,IN_ENERGIA_OUTROS,IN_ENERGIA_INEXISTENTE,IN_ESGOTO_REDE_PUBLICA,IN_ESGOTO_FOSSA,IN_ESGOTO_INEXISTENTE,IN_LIXO_COLETA_PERIODICA,IN_LIXO_QUEIMA,IN_LIXO_JOGA_OUTRA_AREA,IN_LIXO_RECICLA,IN_LIXO_ENTERRA,IN_LIXO_OUTROS,IN_SALA_DIRETORIA,IN_SALA_PROFESSOR,IN_LABORATORIO_INFORMATICA,IN_LABORATORIO_CIENCIAS,IN_SALA_ATENDIMENTO_ESPECIAL,IN_QUADRA_ESPORTES_COBERTA,IN_QUADRA_ESPORTES_DESCOBERTA,IN_QUADRA_ESPORTES,IN_COZINHA,IN_BIBLIOTECA,IN_SALA_LEITURA,IN_BIBLIOTECA_SALA_LEITURA,IN_PARQUE_INFANTIL,IN_BERCARIO,IN_BANHEIRO_FORA_PREDIO,IN_BANHEIRO_DENTRO_PREDIO,IN_BANHEIRO_EI,IN_BANHEIRO_PNE,IN_DEPENDENCIAS_PNE,IN_SECRETARIA,IN_BANHEIRO_CHUVEIRO,IN_REFEITORIO,IN_DESPENSA,IN_ALMOXARIFADO,IN_AUDITORIO,IN_PATIO_COBERTO,IN_PATIO_DESCOBERTO,IN_ALOJAM_ALUNO,IN_ALOJAM_PROFESSOR,IN_AREA_VERDE,IN_LAVANDERIA,IN_DEPENDENCIAS_OUTRAS,NU_SALAS_EXISTENTES,NU_SALAS_UTILIZADAS,IN_EQUIP_TV,IN_EQUIP_VIDEOCASSETE,IN_EQUIP_DVD,IN_EQUIP_PARABOLICA,IN_EQUIP_COPIADORA,IN_EQUIP_RETROPROJETOR,IN_EQUIP_IMPRESSORA,IN_EQUIP_IMPRESSORA_MULT,IN_EQUIP_SOM,IN_EQUIP_MULTIMIDIA,IN_EQUIP_FAX,IN_EQUIP_FOTO,IN_COMPUTADOR,NU_EQUIP_TV,NU_EQUIP_VIDEOCASSETE,NU_EQUIP_DVD,NU_EQUIP_PARABOLICA,NU_EQUIP_COPIADORA,NU_EQUIP_RETROPROJETOR,NU_EQUIP_IMPRESSORA,NU_EQUIP_IMPRESSORA_MULT,NU_EQUIP_SOM,NU_EQUIP_MULTIMIDIA,NU_EQUIP_FAX,NU_EQUIP_FOTO,NU_COMPUTADOR,NU_COMP_ADMINISTRATIVO,NU_COMP_ALUNO,IN_INTERNET,IN_BANDA_LARGA,NU_FUNCIONARIOS,IN_ALIMENTACAO,TP_AEE,TP_ATIVIDADE_COMPLEMENTAR,IN_FUNDAMENTAL_CICLOS,TP_LOCALIZACAO_DIFERENCIADA,IN_MATERIAL_ESP_QUILOMBOLA,IN_MATERIAL_ESP_INDIGENA,IN_MATERIAL_ESP_NAO_UTILIZA,IN_EDUCACAO_INDIGENA,TP_INDIGENA_LINGUA,CO_LINGUA_INDIGENA,IN_BRASIL_ALFABETIZADO,IN_FINAL_SEMANA,IN_FORMACAO_ALTERNANCIA,IN_MEDIACAO_PRESENCIAL,IN_MEDIACAO_SEMIPRESENCIAL,IN_MEDIACAO_EAD,IN_ESPECIAL_EXCLUSIVA,IN_REGULAR,IN_EJA,IN_PROFISSIONALIZANTE,IN_COMUM_CRECHE,IN_COMUM_PRE,IN_COMUM_FUND_AI,IN_COMUM_FUND_AF,IN_COMUM_MEDIO_MEDIO,IN_COMUM_MEDIO_INTEGRADO,IN_COMUM_MEDIO_NORMAL,IN_ESP_EXCLUSIVA_CRECHE,IN_ESP_EXCLUSIVA_PRE,IN_ESP_EXCLUSIVA_FUND_AI,IN_ESP_EXCLUSIVA_FUND_AF,IN_ESP_EXCLUSIVA_MEDIO_MEDIO,IN_ESP_EXCLUSIVA_MEDIO_INTEGR,IN_ESP_EXCLUSIVA_MEDIO_NORMAL,IN_COMUM_EJA_FUND,IN_COMUM_EJA_MEDIO,IN_COMUM_EJA_PROF,IN_ESP_EXCLUSIVA_EJA_FUND,IN_ESP_EXCLUSIVA_EJA_MEDIO,IN_ESP_EXCLUSIVA_EJA_PROF,IN_COMUM_PROF,IN_ESP_EXCLUSIVA_PROF,NO_ESCOLA_y,NU_ANO,NU_NOTA
2015,25070703,CAIC JOSE JOFILLY,-7.245471724752799,-35.917847509963,1,2015-01-09 00:00:00.000,2015-12-21 00:00:00.000,2,2503,25017,25,2504009,250400905,2,1,,,,,,,,,,,,,1.0,1.0,1.0,0.0,0.0,0.0,0.0,0.0,0.0,0.0,,0.0,0.0,0.0,1.0,1.0,0.0,0.0,0.0,0.0,1.0,0.0,0.0,0.0,1.0,0.0,0.0,1.0,0.0,0.0,0.0,0.0,0.0,1.0,1.0,1.0,1.0,1.0,0.0,0.0,0.0,1.0,1.0,1.0,1.0,1.0,0.0,1.0,1.0,0.0,1.0,1.0,1.0,1.0,1.0,1.0,1.0,1.0,0.0,1.0,0.0,0.0,1.0,0.0,0.0,19.0,10.0,1.0,1.0,1.0,1.0,1.0,1.0,1.0,0.0,1.0,1.0,1.0,1.0,1.0,1.0,1.0,1.0,1.0,1.0,1.0,1.0,0.0,1.0,1.0,1.0,1.0,14.0,0.0,0.0,1.0,0.0,67.0,1.0,1.0,1.0,1.0,0.0,0.0,0.0,1.0,0.0,,,0.0,0.0,0.0,1.0,0.0,0.0,0.0,1.0,1.0,0.0,0.0,0.0,1.0,1.0,1.0,0.0,0.0,0.0,0.0,0.0,0.0,0.0,0.0,0.0,1.0,1.0,0.0,0.0,0.0,0.0,0.0,0.0,CAIC JOSE JOFILLY,2011.0,2.9
2015,25070720,EMEF CEAI ANTONIO MARIZ,-7.2591879348471995,-35.905725144323,1,2015-02-09 00:00:00.000,2015-12-18 00:00:00.000,2,2503,25017,25,2504009,250400905,3,1,,,,,,,,,,,,,1.0,1.0,1.0,0.0,0.0,0.0,0.0,0.0,0.0,0.0,,0.0,0.0,0.0,1.0,1.0,0.0,0.0,0.0,0.0,1.0,0.0,0.0,0.0,1.0,0.0,0.0,1.0,0.0,0.0,0.0,0.0,0.0,1.0,1.0,1.0,0.0,1.0,0.0,1.0,1.0,1.0,0.0,1.0,1.0,0.0,0.0,0.0,1.0,1.0,1.0,1.0,1.0,1.0,1.0,1.0,1.0,1.0,1.0,0.0,0.0,0.0,1.0,0.0,0.0,11.0,11.0,1.0,1.0,1.0,0.0,1.0,1.0,1.0,1.0,1.0,1.0,0.0,1.0,1.0,2.0,1.0,1.0,0.0,1.0,1.0,3.0,1.0,5.0,1.0,0.0,1.0,14.0,4.0,10.0,1.0,1.0,58.0,1.0,1.0,1.0,1.0,0.0,0.0,0.0,1.0,0.0,,,0.0,0.0,0.0,1.0,0.0,0.0,0.0,1.0,1.0,0.0,0.0,1.0,1.0,1.0,0.0,0.0,0.0,0.0,0.0,0.0,0.0,0.0,0.0,0.0,1.0,0.0,0.0,0.0,0.0,0.0,0.0,0.0,EMEF CEAI ANTONIO MARIZ,2017.0,4.0
2015,25070789,ESCOLA MUNICIPAL CEAI DR ELPIDIO DE ALMEIDA,-7.226929069039901,-35.925886407498005,1,2015-02-09 00:00:00.000,2015-12-22 00:00:00.000,2,2503,25017,25,2504009,250400905,3,1,,,,,,,,,,,,,1.0,1.0,1.0,0.0,0.0,0.0,0.0,0.0,0.0,0.0,,0.0,0.0,0.0,1.0,1.0,0.0,0.0,0.0,0.0,1.0,0.0,0.0,0.0,1.0,0.0,0.0,1.0,0.0,0.0,0.0,0.0,0.0,1.0,1.0,0.0,0.0,1.0,0.0,1.0,1.0,1.0,0.0,1.0,1.0,0.0,0.0,0.0,1.0,1.0,1.0,1.0,1.0,1.0,1.0,1.0,1.0,0.0,1.0,0.0,0.0,0.0,0.0,0.0,0.0,15.0,17.0,1.0,0.0,1.0,0.0,0.0,0.0,1.0,1.0,1.0,1.0,0.0,1.0,1.0,3.0,0.0,2.0,0.0,0.0,0.0,2.0,1.0,3.0,2.0,0.0,1.0,4.0,1.0,0.0,0.0,0.0,49.0,1.0,1.0,1.0,1.0,0.0,0.0,0.0,1.0,0.0,,,0.0,1.0,1.0,1.0,0.0,0.0,0.0,1.0,0.0,0.0,0.0,1.0,1.0,1.0,0.0,0.0,0.0,0.0,0.0,0.0,0.0,0.0,0.0,0.0,0.0,0.0,0.0,0.0,0.0,0.0,0.0,0.0,EMEF CEAI DR ELPIDIO DE ALMEIDA,2017.0,3.5
2015,25071394,EEEFM MONSENHOR SALES,,,1,2015-01-09 00:00:00.000,2015-12-21 00:00:00.000,2,2503,25017,25,2504009,250400920,2,2,,,,,,,,,,,,,1.0,1.0,1.0,0.0,0.0,0.0,0.0,0.0,0.0,0.0,,0.0,0.0,0.0,1.0,1.0,0.0,0.0,0.0,0.0,1.0,0.0,0.0,0.0,1.0,1.0,0.0,1.0,0.0,0.0,0.0,0.0,0.0,1.0,1.0,0.0,0.0,0.0,0.0,0.0,0.0,1.0,0.0,1.0,1.0,0.0,0.0,0.0,1.0,1.0,0.0,0.0,1.0,0.0,0.0,1.0,1.0,0.0,1.0,0.0,0.0,0.0,0.0,0.0,0.0,6.0,6.0,1.0,1.0,1.0,0.0,1.0,1.0,1.0,0.0,1.0,1.0,0.0,1.0,1.0,1.0,1.0,1.0,0.0,1.0,1.0,1.0,0.0,1.0,1.0,0.0,1.0,2.0,0.0,0.0,1.0,0.0,40.0,1.0,0.0,1.0,1.0,0.0,0.0,0.0,1.0,0.0,,,0.0,0.0,0.0,1.0,0.0,0.0,0.0,1.0,1.0,0.0,0.0,0.0,0.0,1.0,0.0,0.0,0.0,0.0,0.0,0.0,0.0,0.0,0.0,0.0,1.0,0.0,0.0,0.0,0.0,0.0,0.0,0.0,EEEFM MONSENHOR SALES,2015.0,2.4
2015,25072005,EEEFM ADEMAR VELOSO SILVEIRA,-7.217903127997698,-35.915367015177004,1,2015-02-09 00:00:00.000,2015-12-21 00:00:00.000,2,2503,25017,25,2504009,250400905,2,1,,,,,,,,,,,,,1.0,1.0,1.0,0.0,0.0,0.0,0.0,0.0,0.0,0.0,,0.0,0.0,0.0,1.0,1.0,0.0,0.0,0.0,0.0,1.0,0.0,0.0,0.0,1.0,0.0,0.0,1.0,0.0,0.0,0.0,0.0,0.0,1.0,1.0,1.0,1.0,1.0,0.0,1.0,1.0,1.0,1.0,0.0,1.0,0.0,0.0,0.0,1.0,0.0,0.0,1.0,1.0,0.0,0.0,1.0,1.0,1.0,0.0,0.0,0.0,0.0,0.0,0.0,0.0,16.0,16.0,0.0,0.0,0.0,0.0,0.0,1.0,1.0,0.0,1.0,1.0,0.0,0.0,1.0,0.0,0.0,0.0,0.0,0.0,1.0,1.0,0.0,1.0,1.0,0.0,0.0,12.0,3.0,9.0,1.0,0.0,96.0,1.0,1.0,1.0,1.0,0.0,0.0,0.0,1.0,0.0,,,0.0,0.0,0.0,1.0,0.0,0.0,0.0,1.0,1.0,0.0,0.0,0.0,0.0,1.0,1.0,0.0,0.0,0.0,0.0,0.0,0.0,0.0,0.0,0.0,1.0,1.0,0.0,0.0,0.0,0.0,0.0,0.0,EEEFM ADEMAR VELOSO SILVEIRA,2015.0,3.3
2015,25072013,EEEFM PROF RAUL CORDULA,-7.252552739603101,-35.906546570822,1,2015-01-09 00:00:00.000,2015-12-21 00:00:00.000,2,2503,25017,25,2504009,250400905,2,1,,,,,,,,,,,,,1.0,1.0,1.0,0.0,0.0,0.0,0.0,0.0,0.0,0.0,,0.0,0.0,0.0,1.0,1.0,0.0,0.0,0.0,0.0,1.0,0.0,0.0,0.0,1.0,0.0,0.0,1.0,0.0,0.0,0.0,0.0,0.0,1.0,1.0,1.0,1.0,0.0,0.0,1.0,1.0,1.0,1.0,0.0,1.0,0.0,0.0,0.0,1.0,0.0,1.0,1.0,1.0,1.0,0.0,1.0,1.0,1.0,0.0,1.0,0.0,0.0,0.0,0.0,0.0,20.0,20.0,1.0,0.0,1.0,0.0,1.0,1.0,1.0,0.0,1.0,0.0,0.0,0.0,1.0,6.0,0.0,4.0,0.0,1.0,2.0,4.0,0.0,1.0,0.0,0.0,0.0,36.0,4.0,32.0,1.0,1.0,122.0,1.0,0.0,1.0,0.0,0.0,0.0,0.0,1.0,0.0,,,0.0,0.0,0.0,1.0,0.0,0.0,0.0,1.0,1.0,0.0,0.0,0.0,0.0,1.0,1.0,0.0,0.0,0.0,0.0,0.0,0.0,0.0,0.0,0.0,1.0,1.0,0.0,0.0,0.0,0.0,0.0,0.0,EEEFM PROF RAUL CORDULA,2015.0,4.3
2015,25072021,EEEFM SEN ARGEMIRO DE FIGUEIREDO,,,1,2015-01-09 00:00:00.000,2015-12-23 00:00:00.000,2,2503,25017,25,2504009,250400905,2,1,,,,,,,,,,,,,1.0,1.0,1.0,0.0,0.0,0.0,0.0,0.0,0.0,0.0,,0.0,0.0,0.0,1.0,1.0,0.0,0.0,0.0,0.0,1.0,0.0,0.0,0.0,1.0,0.0,0.0,1.0,0.0,0.0,0.0,0.0,0.0,1.0,1.0,1.0,1.0,1.0,0.0,0.0,0.0,1.0,1.0,1.0,1.0,0.0,0.0,0.0,1.0,0.0,0.0,1.0,1.0,0.0,0.0,1.0,1.0,1.0,0.0,1.0,0.0,0.0,1.0,0.0,0.0,23.0,23.0,1.0,1.0,1.0,0.0,0.0,1.0,1.0,0.0,1.0,1.0,0.0,1.0,1.0,4.0,1.0,3.0,0.0,0.0,1.0,6.0,0.0,1.0,1.0,0.0,1.0,10.0,5.0,0.0,1.0,0.0,97.0,1.0,1.0,0.0,1.0,0.0,0.0,0.0,1.0,0.0,,,0.0,0.0,0.0,1.0,0.0,0.0,0.0,1.0,1.0,0.0,0.0,0.0,0.0,1.0,1.0,0.0,0.0,0.0,0.0,0.0,0.0,0.0,0.0,0.0,1.0,1.0,0.0,0.0,0.0,0.0,0.0,0.0,EEEFM SEN ARGEMIRO DE FIGUEIREDO,2017.0,3.3
2015,25072030,EEEFM NENZINHA CUNHA LIMA,-7.230400790141599,-35.866507225202,1,2015-01-09 00:00:00.000,2015-12-21 00:00:00.000,2,2503,25017,25,2504009,250400905,2,1,,,,,,,,,,,,,1.0,1.0,1.0,0.0,0.0,0.0,0.0,0.0,0.0,0.0,,0.0,0.0,0.0,1.0,1.0,0.0,0.0,0.0,0.0,1.0,0.0,0.0,0.0,1.0,0.0,0.0,1.0,0.0,0.0,0.0,0.0,0.0,1.0,1.0,1.0,1.0,0.0,1.0,0.0,1.0,1.0,1.0,0.0,1.0,0.0,0.0,0.0,1.0,0.0,0.0,0.0,0.0,0.0,0.0,0.0,0.0,0.0,0.0,0.0,0.0,0.0,0.0,0.0,0.0,20.0,20.0,1.0,0.0,1.0,0.0,0.0,1.0,1.0,0.0,0.0,0.0,0.0,0.0,1.0,4.0,0.0,5.0,0.0,0.0,1.0,3.0,0.0,0.0,0.0,0.0,0.0,25.0,3.0,22.0,1.0,0.0,43.0,1.0,1.0,0.0,,0.0,0.0,0.0,1.0,0.0,,,0.0,0.0,0.0,1.0,0.0,0.0,0.0,1.0,1.0,0.0,0.0,0.0,0.0,0.0,1.0,0.0,0.0,0.0,0.0,0.0,0.0,0.0,0.0,0.0,0.0,1.0,0.0,0.0,0.0,0.0,0.0,0.0,EEEFM NENZINHA CUNHA LIMA,2013.0,2.9
2015,25072048,EEEF JOSE DOROTEIA DUTRA,,,2,,,2,2503,25017,25,2504009,250400905,2,2,,,,,,,,,,,,,,,,,,,,,,,,,,,,,,,,,,,,,,,,,,,,,,,,,,,,,,,,,,,,,,,,,,,,,,,,,,,,,,,,,,,,,,,,,,,,,,,,,,,,,,,,,,,,,,,,,,,,,,,,,,,,,,,,,,,,,,,,,,,,,,,,,,,,,,,,,,EEEF JOSE DOROTEIA DUTRA,2009.0,3.7
2015,25072056,EEEFM POETA CARLOS DRUMOND DE ANDRADE,-7.231328846923599,-35.927640236912,1,2015-01-09 00:00:00.000,2015-12-21 00:00:00.000,2,2503,25017,25,2504009,250400905,2,1,,,,,,,,,,,,,1.0,1.0,1.0,0.0,0.0,0.0,0.0,0.0,0.0,0.0,,0.0,0.0,0.0,1.0,1.0,0.0,0.0,0.0,0.0,1.0,0.0,0.0,0.0,1.0,0.0,0.0,1.0,0.0,0.0,0.0,0.0,0.0,1.0,1.0,0.0,0.0,0.0,0.0,0.0,0.0,1.0,1.0,0.0,1.0,0.0,0.0,0.0,1.0,0.0,0.0,0.0,1.0,0.0,0.0,1.0,0.0,0.0,0.0,1.0,0.0,0.0,0.0,0.0,0.0,13.0,13.0,1.0,0.0,1.0,0.0,1.0,1.0,0.0,0.0,0.0,0.0,0.0,0.0,1.0,1.0,0.0,1.0,0.0,1.0,1.0,0.0,0.0,0.0,0.0,0.0,0.0,1.0,0.0,0.0,0.0,0.0,62.0,1.0,0.0,0.0,1.0,0.0,0.0,0.0,1.0,0.0,,,0.0,0.0,0.0,1.0,0.0,0.0,0.0,1.0,1.0,0.0,0.0,0.0,1.0,1.0,0.0,0.0,0.0,0.0,0.0,0.0,0.0,0.0,0.0,0.0,1.0,0.0,0.0,0.0,0.0,0.0,0.0,0.0,EEEFM POETA CARLOS DRUMOND DE ANDRADE,2013.0,2.6
2015,25072064,EEEF MARIA AUGUSTA LUCENA BRITO,-7.2547235383843,-35.965420603317,1,2015-01-09 00:00:00.000,2015-12-21 00:00:00.000,2,2503,25017,25,2504009,250400915,2,2,,,,,,,,,,,,,1.0,1.0,1.0,0.0,0.0,0.0,0.0,0.0,0.0,0.0,,0.0,0.0,0.0,1.0,1.0,0.0,0.0,0.0,0.0,1.0,0.0,0.0,0.0,0.0,1.0,0.0,1.0,0.0,0.0,0.0,0.0,0.0,1.0,1.0,0.0,0.0,0.0,0.0,0.0,0.0,1.0,1.0,0.0,1.0,0.0,0.0,0.0,1.0,0.0,0.0,0.0,1.0,0.0,0.0,1.0,0.0,0.0,0.0,0.0,0.0,0.0,0.0,0.0,0.0,6.0,6.0,1.0,0.0,1.0,0.0,0.0,0.0,1.0,0.0,1.0,1.0,0.0,1.0,1.0,3.0,0.0,1.0,0.0,0.0,0.0,2.0,0.0,6.0,1.0,0.0,1.0,7.0,0.0,0.0,0.0,0.0,37.0,1.0,0.0,0.0,1.0,0.0,0.0,0.0,1.0,0.0,,,0.0,0.0,0.0,1.0,0.0,0.0,0.0,1.0,1.0,0.0,0.0,0.0,0.0,1.0,1.0,0.0,0.0,0.0,0.0,0.0,0.0,0.0,0.0,0.0,1.0,1.0,0.0,0.0,0.0,0.0,0.0,0.0,EEEF MARIA AUGUSTA LUCENA BRITO,2017.0,4.0
2015,25072080,EEEF NINA ALVES DE LIMA,-7.212830098665,-35.898046057751,1,2015-02-09 00:00:00.000,2015-12-23 00:00:00.000,2,2503,25017,25,2504009,250400905,2,1,,,,,,,,,,,,,1.0,1.0,1.0,0.0,0.0,0.0,0.0,0.0,0.0,0.0,,0.0,0.0,0.0,1.0,1.0,0.0,0.0,0.0,0.0,1.0,0.0,0.0,0.0,1.0,0.0,0.0,1.0,0.0,0.0,0.0,0.0,0.0,1.0,1.0,1.0,0.0,1.0,0.0,0.0,0.0,1.0,1.0,1.0,1.0,0.0,0.0,0.0,1.0,0.0,0.0,0.0,1.0,0.0,0.0,1.0,1.0,0.0,1.0,0.0,0.0,0.0,0.0,0.0,0.0,9.0,9.0,1.0,0.0,1.0,0.0,1.0,0.0,1.0,0.0,1.0,1.0,0.0,1.0,1.0,2.0,0.0,1.0,0.0,1.0,0.0,3.0,0.0,1.0,1.0,0.0,1.0,3.0,1.0,2.0,1.0,1.0,37.0,1.0,1.0,0.0,0.0,0.0,0.0,0.0,1.0,0.0,,,0.0,0.0,0.0,1.0,0.0,0.0,0.0,1.0,1.0,0.0,0.0,0.0,0.0,1.0,0.0,0.0,0.0,0.0,0.0,0.0,0.0,0.0,0.0,0.0,1.0,0.0,0.0,0.0,0.0,0.0,0.0,0.0,EEEF NINA ALVES DE LIMA,2017.0,1.6
2015,25072099,EEEFM ASSIS CHATEAUBRIAND,-7.2068389999999996,-35.870503,1,2015-01-09 00:00:00.000,2015-12-21 00:00:00.000,2,2503,25017,25,2504009,250400905,2,1,,,,,,,,,,,,,1.0,1.0,1.0,0.0,0.0,0.0,0.0,0.0,0.0,0.0,,0.0,0.0,0.0,1.0,1.0,0.0,0.0,0.0,0.0,1.0,0.0,0.0,0.0,1.0,0.0,0.0,1.0,0.0,0.0,0.0,0.0,0.0,1.0,1.0,0.0,1.0,1.0,0.0,1.0,1.0,1.0,1.0,0.0,1.0,0.0,0.0,0.0,1.0,0.0,1.0,1.0,0.0,0.0,0.0,0.0,0.0,0.0,0.0,0.0,0.0,0.0,0.0,0.0,0.0,21.0,21.0,1.0,1.0,1.0,0.0,0.0,1.0,1.0,0.0,0.0,0.0,0.0,0.0,1.0,1.0,1.0,1.0,0.0,0.0,1.0,1.0,0.0,0.0,0.0,0.0,0.0,2.0,2.0,0.0,1.0,0.0,121.0,1.0,1.0,0.0,1.0,0.0,0.0,0.0,1.0,0.0,,,0.0,0.0,0.0,1.0,0.0,0.0,0.0,1.0,1.0,0.0,0.0,0.0,0.0,1.0,1.0,0.0,0.0,0.0,0.0,0.0,0.0,0.0,0.0,0.0,0.0,1.0,0.0,0.0,0.0,0.0,0.0,0.0,EEEFM ASSIS CHATEAUBRIAND,2009.0,1.8
2015,25072102,EEEFM DEP ALVARO GAUDENCIO DE QUEIROZ,-7.245810349810999,-35.922202624841994,1,2015-01-09 00:00:00.000,2015-12-21 00:00:00.000,2,2503,25017,25,2504009,250400905,2,1,,,,,,,,,,,,,1.0,1.0,1.0,0.0,0.0,0.0,0.0,0.0,0.0,0.0,,0.0,0.0,0.0,1.0,1.0,0.0,0.0,0.0,0.0,1.0,0.0,0.0,0.0,1.0,0.0,0.0,1.0,0.0,0.0,0.0,0.0,0.0,1.0,1.0,1.0,0.0,0.0,0.0,1.0,1.0,1.0,1.0,1.0,1.0,0.0,0.0,0.0,1.0,0.0,0.0,0.0,1.0,1.0,0.0,1.0,1.0,0.0,1.0,0.0,0.0,0.0,0.0,0.0,0.0,9.0,9.0,1.0,1.0,1.0,0.0,0.0,1.0,1.0,0.0,1.0,1.0,0.0,1.0,1.0,5.0,1.0,1.0,0.0,0.0,1.0,1.0,0.0,1.0,1.0,0.0,1.0,12.0,0.0,0.0,1.0,0.0,55.0,1.0,0.0,0.0,1.0,0.0,0.0,0.0,1.0,0.0,,,0.0,0.0,0.0,1.0,0.0,0.0,0.0,1.0,1.0,0.0,0.0,0.0,0.0,1.0,1.0,0.0,0.0,0.0,0.0,0.0,0.0,0.0,0.0,0.0,0.0,1.0,0.0,0.0,0.0,0.0,0.0,0.0,EEEFM DEP ALVARO GAUDENCIO DE QUEIROZ,2017.0,3.5
2015,25072110,EEEFM FELIX ARAUJO,-7.249441058015,-35.895327329635,1,2015-01-09 00:00:00.000,2015-12-21 00:00:00.000,2,2503,25017,25,2504009,250400905,2,1,,,,,,,,,,,,,1.0,1.0,2.0,0.0,0.0,0.0,0.0,0.0,0.0,0.0,,0.0,0.0,0.0,1.0,1.0,0.0,0.0,0.0,0.0,1.0,0.0,0.0,0.0,1.0,0.0,0.0,1.0,0.0,0.0,0.0,0.0,0.0,1.0,1.0,1.0,1.0,0.0,1.0,0.0,1.0,1.0,1.0,0.0,1.0,0.0,0.0,0.0,1.0,0.0,0.0,0.0,0.0,0.0,0.0,0.0,0.0,0.0,0.0,0.0,0.0,0.0,0.0,0.0,0.0,18.0,18.0,1.0,1.0,1.0,1.0,1.0,1.0,1.0,0.0,0.0,1.0,0.0,0.0,1.0,3.0,1.0,1.0,1.0,1.0,1.0,2.0,0.0,0.0,4.0,0.0,0.0,25.0,0.0,0.0,1.0,0.0,124.0,1.0,0.0,0.0,1.0,0.0,0.0,0.0,1.0,0.0,,,0.0,0.0,0.0,1.0,0.0,0.0,0.0,1.0,1.0,0.0,0.0,0.0,0.0,1.0,1.0,0.0,0.0,0.0,0.0,0.0,0.0,0.0,0.0,0.0,0.0,1.0,0.0,0.0,0.0,0.0,0.0,0.0,EEEFM FELIX ARAUJO,2017.0,3.7
2015,25072129,EEEFM SAO SEBASTIAO,-7.2139426804608995,-35.880958671792996,1,2015-01-09 00:00:00.000,2015-12-21 00:00:00.000,2,2503,25017,25,2504009,250400905,2,1,,,,,,,,,,,,,1.0,1.0,1.0,0.0,0.0,0.0,0.0,0.0,0.0,0.0,,0.0,0.0,0.0,1.0,1.0,0.0,0.0,0.0,0.0,1.0,0.0,0.0,0.0,1.0,0.0,0.0,1.0,0.0,0.0,0.0,0.0,0.0,1.0,1.0,1.0,0.0,0.0,0.0,0.0,0.0,1.0,1.0,1.0,1.0,0.0,0.0,0.0,1.0,0.0,1.0,1.0,1.0,0.0,0.0,0.0,1.0,0.0,1.0,0.0,0.0,0.0,1.0,0.0,0.0,12.0,12.0,1.0,1.0,1.0,1.0,1.0,1.0,1.0,0.0,1.0,1.0,0.0,1.0,1.0,1.0,1.0,1.0,1.0,1.0,1.0,1.0,0.0,1.0,1.0,0.0,1.0,15.0,0.0,0.0,1.0,0.0,78.0,1.0,0.0,1.0,1.0,0.0,0.0,0.0,1.0,0.0,,,0.0,0.0,0.0,1.0,0.0,0.0,0.0,1.0,1.0,0.0,0.0,0.0,0.0,1.0,1.0,0.0,0.0,0.0,0.0,0.0,0.0,0.0,0.0,0.0,1.0,1.0,0.0,0.0,0.0,0.0,0.0,0.0,EEEFM SAO SEBASTIAO,2015.0,3.8
2015,25072137,EEEFM PROF ANESIO LEAO,,,1,2015-01-09 00:00:00.000,2015-12-21 00:00:00.000,2,2503,25017,25,2504009,250400905,2,2,,,,,,,,,,,,,1.0,1.0,1.0,0.0,0.0,0.0,0.0,0.0,0.0,0.0,,0.0,0.0,0.0,0.0,1.0,0.0,0.0,0.0,0.0,1.0,0.0,0.0,0.0,1.0,0.0,0.0,1.0,0.0,0.0,0.0,0.0,0.0,1.0,1.0,0.0,1.0,0.0,1.0,0.0,1.0,1.0,0.0,0.0,0.0,0.0,0.0,1.0,1.0,0.0,0.0,0.0,1.0,0.0,0.0,1.0,1.0,1.0,0.0,1.0,0.0,0.0,1.0,0.0,0.0,18.0,18.0,1.0,1.0,1.0,0.0,1.0,0.0,1.0,0.0,1.0,0.0,0.0,0.0,1.0,2.0,2.0,1.0,0.0,1.0,0.0,3.0,0.0,3.0,0.0,0.0,0.0,20.0,2.0,20.0,1.0,0.0,74.0,1.0,0.0,0.0,1.0,0.0,0.0,0.0,1.0,0.0,,,0.0,0.0,0.0,1.0,0.0,0.0,0.0,1.0,0.0,0.0,0.0,0.0,0.0,1.0,1.0,0.0,0.0,0.0,0.0,0.0,0.0,0.0,0.0,0.0,0.0,0.0,0.0,0.0,0.0,0.0,0.0,0.0,EEEFM PROF ANESIO LEAO,2015.0,3.3
2015,25072145,EEEFM DOM LUIZ GONZAGA FERNANDES,-7.221926472284899,-35.887041546865,1,2015-02-09 00:00:00.000,2015-12-23 00:00:00.000,2,2503,25017,25,2504009,250400905,2,1,,,,,,,,,,,,,2.0,1.0,1.0,0.0,0.0,0.0,0.0,0.0,0.0,0.0,,0.0,0.0,0.0,1.0,1.0,0.0,0.0,0.0,0.0,1.0,0.0,0.0,0.0,1.0,0.0,0.0,1.0,0.0,0.0,0.0,0.0,0.0,1.0,1.0,1.0,0.0,0.0,0.0,0.0,0.0,1.0,1.0,1.0,1.0,0.0,0.0,1.0,1.0,0.0,1.0,1.0,1.0,1.0,0.0,1.0,1.0,0.0,1.0,1.0,0.0,0.0,0.0,0.0,0.0,12.0,12.0,1.0,0.0,1.0,0.0,0.0,1.0,1.0,0.0,1.0,0.0,0.0,1.0,1.0,1.0,0.0,1.0,0.0,0.0,1.0,3.0,0.0,1.0,0.0,0.0,5.0,14.0,2.0,12.0,1.0,1.0,54.0,1.0,1.0,0.0,0.0,0.0,0.0,0.0,1.0,0.0,,,0.0,0.0,0.0,1.0,0.0,0.0,0.0,1.0,1.0,0.0,0.0,0.0,0.0,1.0,1.0,0.0,0.0,0.0,0.0,0.0,0.0,0.0,0.0,0.0,0.0,1.0,0.0,0.0,0.0,0.0,0.0,0.0,EEEFM DOM LUIZ GONZAGA FERNANDES,2017.0,3.6
2015,25072153,EEEFM SEVERINO CABRAL,-7.2262107847385995,-35.918872347821996,1,2015-01-09 00:00:00.000,2015-12-21 00:00:00.000,2,2503,25017,25,2504009,250400905,2,1,,,,,,,,,,,,,1.0,1.0,1.0,0.0,0.0,0.0,0.0,0.0,0.0,0.0,,0.0,0.0,0.0,1.0,1.0,0.0,0.0,0.0,0.0,1.0,0.0,0.0,0.0,1.0,0.0,0.0,1.0,0.0,0.0,0.0,0.0,0.0,1.0,1.0,1.0,1.0,1.0,0.0,1.0,1.0,1.0,1.0,0.0,1.0,0.0,0.0,0.0,1.0,0.0,1.0,1.0,1.0,1.0,0.0,1.0,1.0,0.0,1.0,0.0,0.0,0.0,0.0,0.0,0.0,10.0,9.0,1.0,1.0,1.0,0.0,1.0,1.0,1.0,0.0,1.0,1.0,1.0,1.0,1.0,1.0,1.0,1.0,0.0,1.0,1.0,2.0,0.0,1.0,2.0,1.0,1.0,4.0,3.0,1.0,1.0,0.0,25.0,1.0,0.0,0.0,,0.0,0.0,0.0,1.0,0.0,,,0.0,0.0,0.0,1.0,0.0,0.0,0.0,1.0,0.0,0.0,0.0,0.0,0.0,0.0,1.0,0.0,0.0,0.0,0.0,0.0,0.0,0.0,0.0,0.0,0.0,0.0,0.0,0.0,0.0,0.0,0.0,0.0,EEEFM SEVERINO CABRAL,2011.0,4.4
2015,25072161,EEEF NOSSA SENHORA DO ROSARIO,-7.222062565333699,-35.893852230131,1,2015-02-09 00:00:00.000,2015-12-21 00:00:00.000,2,2503,25017,25,2504009,250400905,2,1,,,,,,,,,,,,,1.0,1.0,2.0,0.0,0.0,0.0,0.0,0.0,0.0,0.0,,0.0,0.0,0.0,1.0,1.0,0.0,0.0,0.0,0.0,1.0,0.0,0.0,0.0,1.0,0.0,0.0,1.0,0.0,0.0,0.0,0.0,0.0,1.0,1.0,1.0,0.0,0.0,0.0,0.0,0.0,1.0,1.0,1.0,1.0,0.0,0.0,0.0,1.0,0.0,0.0,0.0,1.0,0.0,0.0,1.0,0.0,0.0,0.0,0.0,0.0,0.0,0.0,0.0,0.0,10.0,10.0,1.0,0.0,1.0,0.0,1.0,1.0,1.0,0.0,1.0,1.0,0.0,1.0,1.0,3.0,0.0,1.0,0.0,2.0,1.0,1.0,0.0,2.0,1.0,0.0,2.0,14.0,0.0,0.0,1.0,0.0,58.0,1.0,0.0,1.0,1.0,0.0,0.0,0.0,1.0,0.0,,,0.0,1.0,0.0,1.0,0.0,0.0,0.0,1.0,1.0,0.0,0.0,0.0,0.0,1.0,0.0,0.0,0.0,0.0,0.0,0.0,0.0,0.0,0.0,0.0,1.0,0.0,0.0,0.0,0.0,0.0,0.0,0.0,EEEF NOSSA SENHORA DO ROSARIO,2017.0,4.7
2015,25072170,EMEF ADV OTAVIO AMORIM,-7.233909064657102,-35.923497336467,1,2015-02-09 00:00:00.000,2015-12-22 00:00:00.000,2,2503,25017,25,2504009,250400905,3,1,,,,,,,,,,,,,1.0,1.0,1.0,0.0,0.0,0.0,0.0,0.0,0.0,0.0,,0.0,0.0,0.0,1.0,1.0,0.0,0.0,0.0,0.0,1.0,0.0,0.0,0.0,1.0,0.0,0.0,1.0,0.0,0.0,0.0,0.0,0.0,1.0,1.0,0.0,0.0,0.0,0.0,0.0,0.0,1.0,0.0,0.0,0.0,0.0,0.0,0.0,1.0,0.0,1.0,1.0,1.0,1.0,0.0,0.0,0.0,0.0,1.0,0.0,0.0,0.0,0.0,0.0,0.0,19.0,19.0,1.0,0.0,1.0,0.0,0.0,0.0,1.0,0.0,1.0,1.0,0.0,1.0,1.0,3.0,0.0,2.0,0.0,0.0,0.0,2.0,0.0,3.0,1.0,0.0,2.0,1.0,1.0,0.0,1.0,1.0,67.0,1.0,0.0,1.0,1.0,0.0,1.0,0.0,0.0,0.0,,,0.0,1.0,0.0,1.0,0.0,0.0,0.0,1.0,1.0,0.0,0.0,1.0,1.0,1.0,0.0,0.0,0.0,0.0,0.0,0.0,0.0,0.0,0.0,0.0,1.0,0.0,0.0,0.0,0.0,0.0,0.0,0.0,EMEF ADV OTAVIO AMORIM,2017.0,4.9
2015,25072196,EEEF ANTONIO VICENTE,-7.2230520443380986,-35.871648349331004,1,2015-02-09 00:00:00.000,2015-12-21 00:00:00.000,2,2503,25017,25,2504009,250400905,2,1,,,,,,,,,,,,,1.0,1.0,3.0,0.0,0.0,0.0,0.0,0.0,0.0,0.0,,0.0,0.0,0.0,1.0,1.0,0.0,0.0,0.0,0.0,1.0,0.0,0.0,0.0,1.0,0.0,0.0,1.0,0.0,0.0,0.0,0.0,0.0,1.0,1.0,1.0,0.0,0.0,0.0,0.0,0.0,1.0,1.0,1.0,1.0,0.0,0.0,0.0,1.0,0.0,0.0,0.0,1.0,1.0,1.0,1.0,1.0,0.0,1.0,1.0,0.0,0.0,0.0,1.0,0.0,8.0,8.0,1.0,1.0,1.0,1.0,1.0,1.0,1.0,0.0,1.0,1.0,1.0,1.0,1.0,4.0,1.0,1.0,1.0,1.0,1.0,3.0,0.0,2.0,1.0,1.0,1.0,12.0,2.0,10.0,1.0,0.0,40.0,1.0,0.0,1.0,1.0,0.0,0.0,0.0,1.0,0.0,,,0.0,0.0,0.0,1.0,0.0,0.0,0.0,1.0,0.0,0.0,0.0,0.0,1.0,1.0,0.0,0.0,0.0,0.0,0.0,0.0,0.0,0.0,0.0,0.0,0.0,0.0,0.0,0.0,0.0,0.0,0.0,0.0,EEEF ANTONIO VICENTE,2017.0,4.2
2015,25072218,EEEFM CLEMENTINO PROCOPIO,-7.2251291527598,-35.890353582803996,1,2015-01-09 00:00:00.000,2015-12-21 00:00:00.000,2,2503,25017,25,2504009,250400905,2,1,,,,,,,,,,,,,1.0,1.0,1.0,0.0,0.0,0.0,0.0,0.0,0.0,0.0,,0.0,0.0,0.0,1.0,1.0,0.0,0.0,0.0,0.0,1.0,0.0,0.0,0.0,1.0,0.0,0.0,1.0,0.0,0.0,0.0,0.0,0.0,1.0,1.0,1.0,0.0,0.0,0.0,0.0,0.0,1.0,1.0,1.0,1.0,0.0,0.0,0.0,1.0,0.0,0.0,0.0,1.0,1.0,1.0,1.0,1.0,0.0,1.0,1.0,0.0,0.0,1.0,0.0,0.0,10.0,10.0,1.0,1.0,1.0,0.0,1.0,1.0,0.0,1.0,1.0,1.0,0.0,1.0,1.0,1.0,1.0,1.0,0.0,1.0,1.0,0.0,2.0,1.0,1.0,0.0,1.0,13.0,3.0,10.0,1.0,1.0,76.0,1.0,0.0,0.0,1.0,0.0,0.0,0.0,1.0,0.0,,,0.0,0.0,0.0,1.0,0.0,0.0,0.0,1.0,1.0,0.0,0.0,0.0,0.0,1.0,1.0,0.0,0.0,0.0,0.0,0.0,0.0,0.0,0.0,0.0,1.0,1.0,0.0,0.0,0.0,0.0,0.0,0.0,EEEFM CLEMENTINO PROCOPIO,2015.0,2.8
2015,25072226,EEEF DE APLICACAO,-7.230757664707699,-35.873562846911994,1,2015-02-09 00:00:00.000,2015-12-21 00:00:00.000,2,2503,25017,25,2504009,250400905,2,1,,,,,,,,,,,,,1.0,1.0,1.0,0.0,0.0,0.0,0.0,0.0,0.0,0.0,,0.0,0.0,0.0,1.0,1.0,0.0,0.0,0.0,0.0,1.0,0.0,0.0,0.0,1.0,0.0,0.0,1.0,0.0,0.0,0.0,0.0,0.0,1.0,1.0,1.0,0.0,0.0,1.0,0.0,1.0,1.0,1.0,0.0,1.0,0.0,0.0,0.0,1.0,0.0,1.0,1.0,0.0,0.0,0.0,0.0,0.0,0.0,0.0,0.0,0.0,0.0,0.0,0.0,0.0,14.0,25.0,1.0,1.0,1.0,1.0,1.0,1.0,1.0,0.0,1.0,1.0,0.0,0.0,1.0,1.0,1.0,1.0,1.0,1.0,1.0,1.0,0.0,1.0,1.0,0.0,0.0,16.0,0.0,0.0,1.0,0.0,61.0,1.0,0.0,0.0,1.0,0.0,0.0,0.0,1.0,0.0,,,0.0,0.0,0.0,1.0,0.0,0.0,0.0,1.0,0.0,0.0,0.0,0.0,1.0,1.0,0.0,0.0,0.0,0.0,0.0,0.0,0.0,0.0,0.0,0.0,0.0,0.0,0.0,0.0,0.0,0.0,0.0,0.0,EEEF DE APLICACAO,2017.0,3.4
2015,25072234,EEEF DE MONTE SANTO,-7.218585361940301,-35.856746000432,1,2015-01-09 00:00:00.000,2015-12-21 00:00:00.000,2,2503,25017,25,2504009,250400905,2,1,,,,,,,,,,,,,1.0,1.0,1.0,0.0,0.0,0.0,0.0,0.0,0.0,0.0,,0.0,0.0,0.0,1.0,1.0,0.0,0.0,0.0,0.0,1.0,0.0,0.0,0.0,1.0,0.0,0.0,1.0,0.0,0.0,0.0,0.0,0.0,1.0,1.0,0.0,0.0,0.0,0.0,0.0,0.0,1.0,0.0,0.0,0.0,0.0,0.0,0.0,1.0,0.0,1.0,1.0,1.0,0.0,0.0,1.0,0.0,0.0,0.0,1.0,0.0,0.0,0.0,0.0,0.0,5.0,5.0,1.0,0.0,1.0,0.0,0.0,1.0,1.0,0.0,1.0,1.0,0.0,1.0,1.0,1.0,0.0,1.0,0.0,0.0,1.0,1.0,0.0,1.0,1.0,0.0,1.0,3.0,0.0,0.0,0.0,0.0,43.0,1.0,0.0,0.0,1.0,0.0,0.0,0.0,1.0,0.0,,,0.0,0.0,0.0,1.0,0.0,0.0,0.0,1.0,1.0,0.0,0.0,0.0,0.0,1.0,0.0,0.0,0.0,0.0,0.0,0.0,0.0,0.0,0.0,0.0,1.0,0.0,0.0,0.0,0.0,0.0,0.0,0.0,EEEF DE MONTE SANTO,2017.0,3.9
2015,25072242,EEEF JOSE PINHEIRO,-7.2218952063544,-35.86925380723,1,2015-01-09 00:00:00.000,2015-12-21 00:00:00.000,2,2503,25017,25,2504009,250400905,2,1,,,,,,,,,,,,,1.0,1.0,1.0,0.0,0.0,0.0,0.0,0.0,0.0,0.0,,0.0,0.0,0.0,1.0,1.0,0.0,0.0,0.0,0.0,1.0,0.0,0.0,0.0,1.0,0.0,0.0,1.0,0.0,0.0,0.0,0.0,0.0,1.0,1.0,1.0,0.0,0.0,1.0,1.0,1.0,1.0,1.0,0.0,1.0,0.0,0.0,0.0,1.0,0.0,0.0,0.0,1.0,1.0,0.0,1.0,1.0,1.0,1.0,0.0,0.0,0.0,1.0,0.0,0.0,9.0,9.0,1.0,0.0,1.0,0.0,1.0,1.0,1.0,0.0,1.0,1.0,0.0,1.0,1.0,1.0,0.0,1.0,0.0,1.0,1.0,1.0,0.0,1.0,1.0,0.0,1.0,12.0,0.0,0.0,1.0,0.0,58.0,1.0,0.0,0.0,1.0,0.0,0.0,0.0,1.0,0.0,,,0.0,0.0,0.0,1.0,0.0,0.0,0.0,1.0,1.0,0.0,0.0,0.0,0.0,1.0,0.0,0.0,0.0,0.0,0.0,0.0,0.0,0.0,0.0,0.0,1.0,0.0,0.0,0.0,0.0,0.0,0.0,0.0,EEEF JOSE PINHEIRO,2015.0,2.6
2015,25072277,EEEF MONTE CARMELO CEPES CGI,-7.219749826181501,-35.900382854506,1,2015-02-09 00:00:00.000,2015-12-30 00:00:00.000,2,2503,25017,25,2504009,250400905,2,1,,,,,,,,,,,,,1.0,1.0,1.0,0.0,0.0,0.0,0.0,0.0,0.0,0.0,,0.0,0.0,0.0,1.0,1.0,0.0,0.0,0.0,0.0,1.0,0.0,0.0,0.0,1.0,0.0,0.0,1.0,0.0,0.0,0.0,0.0,0.0,1.0,1.0,1.0,1.0,0.0,0.0,0.0,0.0,1.0,1.0,1.0,1.0,0.0,0.0,0.0,1.0,1.0,1.0,1.0,1.0,1.0,1.0,1.0,0.0,0.0,0.0,0.0,0.0,0.0,1.0,0.0,0.0,20.0,18.0,1.0,1.0,1.0,1.0,1.0,1.0,1.0,0.0,1.0,1.0,0.0,1.0,1.0,1.0,1.0,1.0,1.0,1.0,1.0,1.0,0.0,1.0,1.0,0.0,1.0,46.0,4.0,42.0,1.0,0.0,105.0,1.0,0.0,1.0,1.0,0.0,0.0,0.0,1.0,0.0,,,0.0,0.0,0.0,1.0,0.0,0.0,0.0,1.0,1.0,0.0,0.0,0.0,1.0,1.0,1.0,0.0,0.0,0.0,0.0,0.0,0.0,0.0,0.0,0.0,1.0,1.0,0.0,0.0,0.0,0.0,0.0,0.0,EEEF MONTE CARMELO CEPES CGI,2015.0,3.1
2015,25072285,EEEF MURILO BRAGA,-7.233190049250301,-35.893033601805,1,2015-01-09 00:00:00.000,2015-12-21 00:00:00.000,2,2503,25017,25,2504009,250400905,2,1,,,,,,,,,,,,,1.0,1.0,1.0,0.0,0.0,0.0,0.0,0.0,0.0,0.0,,0.0,0.0,0.0,1.0,1.0,0.0,0.0,0.0,0.0,1.0,0.0,0.0,0.0,1.0,0.0,0.0,1.0,0.0,0.0,0.0,0.0,0.0,1.0,1.0,1.0,0.0,0.0,0.0,0.0,0.0,1.0,1.0,0.0,1.0,0.0,0.0,0.0,1.0,0.0,0.0,0.0,1.0,1.0,0.0,0.0,0.0,1.0,0.0,0.0,0.0,0.0,0.0,0.0,0.0,11.0,11.0,1.0,0.0,1.0,0.0,1.0,1.0,1.0,0.0,1.0,1.0,0.0,1.0,1.0,1.0,0.0,1.0,0.0,1.0,1.0,1.0,0.0,1.0,1.0,0.0,1.0,13.0,2.0,11.0,1.0,0.0,62.0,1.0,0.0,0.0,1.0,0.0,0.0,0.0,1.0,0.0,,,0.0,0.0,0.0,1.0,0.0,0.0,0.0,1.0,1.0,0.0,0.0,0.0,1.0,1.0,0.0,0.0,0.0,0.0,0.0,0.0,0.0,0.0,0.0,0.0,1.0,0.0,0.0,0.0,0.0,0.0,0.0,0.0,EEEF MURILO BRAGA,2017.0,3.1
2015,25072293,EEEF NOSSA SENHORA APARECIDA,-7.2301646369574,-35.880587705054005,1,2015-01-09 00:00:00.000,2015-12-21 00:00:00.000,2,2503,25017,25,2504009,250400905,2,1,,,,,,,,,,,,,1.0,1.0,1.0,0.0,0.0,0.0,0.0,0.0,0.0,0.0,,0.0,0.0,0.0,1.0,1.0,0.0,0.0,0.0,0.0,1.0,0.0,0.0,0.0,0.0,1.0,0.0,1.0,0.0,0.0,0.0,0.0,0.0,1.0,1.0,1.0,0.0,1.0,0.0,0.0,0.0,1.0,0.0,1.0,1.0,0.0,0.0,0.0,1.0,0.0,1.0,0.0,1.0,1.0,0.0,1.0,0.0,0.0,0.0,0.0,0.0,0.0,0.0,0.0,0.0,8.0,7.0,1.0,0.0,1.0,0.0,1.0,1.0,1.0,0.0,1.0,1.0,0.0,1.0,1.0,1.0,0.0,1.0,0.0,1.0,1.0,1.0,0.0,1.0,1.0,0.0,1.0,13.0,0.0,9.0,1.0,1.0,40.0,1.0,1.0,0.0,1.0,0.0,0.0,0.0,1.0,0.0,,,0.0,0.0,0.0,1.0,0.0,0.0,0.0,1.0,1.0,0.0,0.0,0.0,1.0,1.0,0.0,0.0,0.0,0.0,0.0,0.0,0.0,0.0,0.0,0.0,1.0,0.0,0.0,0.0,0.0,0.0,0.0,0.0,EEEF NOSSA SENHORA APARECIDA,2015.0,2.4
2015,25072307,EEEF SOLON DE LUCENA,-7.230755352295799,-35.88157118158,1,2015-01-09 00:00:00.000,2015-12-21 00:00:00.000,2,2503,25017,25,2504009,250400905,2,1,,,,,,,,,,,,,1.0,1.0,1.0,0.0,0.0,0.0,0.0,0.0,0.0,0.0,,0.0,0.0,0.0,1.0,1.0,0.0,0.0,0.0,0.0,1.0,0.0,0.0,0.0,1.0,0.0,0.0,1.0,0.0,0.0,0.0,0.0,0.0,1.0,1.0,1.0,1.0,1.0,1.0,0.0,1.0,1.0,1.0,0.0,1.0,0.0,0.0,0.0,1.0,0.0,0.0,0.0,1.0,1.0,0.0,1.0,1.0,0.0,0.0,1.0,0.0,0.0,0.0,0.0,0.0,21.0,12.0,1.0,1.0,1.0,1.0,0.0,1.0,1.0,0.0,1.0,1.0,0.0,1.0,1.0,1.0,1.0,1.0,1.0,0.0,1.0,1.0,0.0,1.0,1.0,0.0,1.0,12.0,3.0,8.0,1.0,0.0,80.0,1.0,1.0,0.0,1.0,0.0,0.0,0.0,1.0,0.0,,,0.0,0.0,0.0,1.0,0.0,0.0,0.0,1.0,1.0,0.0,0.0,0.0,0.0,1.0,1.0,0.0,0.0,0.0,0.0,0.0,0.0,0.0,0.0,0.0,1.0,1.0,0.0,0.0,0.0,0.0,0.0,0.0,EEEF SOLON DE LUCENA,2017.0,3.9
2015,25072340,EEEF ALCEU DO AMOROSO LIMA,-7.2467309819904004,-35.926649727389005,1,2015-01-09 00:00:00.000,2015-12-21 00:00:00.000,2,2503,25017,25,2504009,250400905,2,2,,,,,,,,,,,,,1.0,1.0,1.0,0.0,0.0,0.0,0.0,0.0,0.0,0.0,,1.0,0.0,0.0,1.0,1.0,0.0,0.0,0.0,0.0,1.0,0.0,0.0,0.0,1.0,0.0,0.0,1.0,0.0,0.0,0.0,0.0,0.0,1.0,1.0,1.0,0.0,1.0,0.0,1.0,1.0,1.0,0.0,1.0,1.0,0.0,0.0,0.0,1.0,0.0,1.0,1.0,0.0,0.0,0.0,0.0,0.0,0.0,0.0,0.0,0.0,0.0,0.0,0.0,0.0,12.0,11.0,1.0,0.0,1.0,1.0,0.0,1.0,1.0,0.0,1.0,1.0,0.0,0.0,1.0,1.0,0.0,1.0,1.0,0.0,1.0,1.0,0.0,1.0,1.0,0.0,0.0,16.0,0.0,0.0,1.0,0.0,81.0,1.0,1.0,0.0,1.0,0.0,0.0,0.0,1.0,0.0,,,0.0,0.0,0.0,1.0,0.0,0.0,0.0,1.0,1.0,0.0,0.0,0.0,1.0,1.0,0.0,0.0,0.0,0.0,0.0,0.0,0.0,0.0,0.0,0.0,1.0,0.0,0.0,0.0,0.0,0.0,0.0,0.0,EEEF ALCEU DO AMOROSO LIMA,2015.0,3.4
2015,25072374,EEEF MA EMILIA O DE ALMEIDA,-7.2499026252675005,-35.911240436599,1,2015-01-09 00:00:00.000,2015-12-21 00:00:00.000,2,2503,25017,25,2504009,250400905,2,1,,,,,,,,,,,,,1.0,1.0,1.0,0.0,0.0,0.0,0.0,0.0,0.0,0.0,,0.0,0.0,0.0,1.0,1.0,0.0,0.0,0.0,0.0,1.0,0.0,0.0,0.0,1.0,0.0,0.0,1.0,0.0,0.0,0.0,0.0,0.0,1.0,1.0,1.0,0.0,0.0,0.0,0.0,0.0,1.0,1.0,0.0,1.0,0.0,0.0,0.0,1.0,0.0,0.0,0.0,1.0,0.0,1.0,1.0,1.0,0.0,1.0,1.0,0.0,0.0,0.0,0.0,0.0,9.0,9.0,1.0,0.0,1.0,0.0,1.0,0.0,1.0,0.0,1.0,1.0,0.0,0.0,1.0,1.0,0.0,1.0,0.0,1.0,0.0,1.0,0.0,1.0,1.0,0.0,0.0,11.0,0.0,0.0,1.0,0.0,54.0,1.0,0.0,0.0,1.0,0.0,0.0,0.0,1.0,0.0,,,0.0,0.0,0.0,1.0,0.0,0.0,0.0,1.0,1.0,0.0,0.0,0.0,1.0,1.0,0.0,0.0,0.0,0.0,0.0,0.0,0.0,0.0,0.0,0.0,1.0,0.0,0.0,0.0,0.0,0.0,0.0,0.0,EEEF MA EMILIA O DE ALMEIDA,2017.0,3.2
2015,25072404,EEEFM RUBENS DUTRA II,-7.271354608993,-36.097683906557,1,2015-01-09 00:00:00.000,2015-12-21 00:00:00.000,2,2503,25017,25,2504009,250400905,2,2,,,,,,,,,,,,,1.0,1.0,1.0,0.0,0.0,0.0,0.0,0.0,0.0,0.0,,0.0,0.0,0.0,1.0,1.0,0.0,0.0,0.0,0.0,1.0,0.0,0.0,0.0,0.0,1.0,0.0,1.0,0.0,0.0,0.0,0.0,0.0,0.0,0.0,1.0,0.0,0.0,0.0,0.0,0.0,1.0,1.0,0.0,1.0,0.0,0.0,0.0,1.0,0.0,0.0,0.0,1.0,1.0,0.0,1.0,0.0,0.0,0.0,1.0,0.0,0.0,0.0,0.0,0.0,8.0,6.0,1.0,0.0,1.0,0.0,0.0,1.0,1.0,0.0,1.0,1.0,0.0,1.0,1.0,3.0,0.0,1.0,0.0,0.0,1.0,2.0,0.0,4.0,1.0,0.0,2.0,14.0,0.0,0.0,1.0,0.0,27.0,1.0,0.0,0.0,1.0,0.0,0.0,0.0,1.0,0.0,,,0.0,0.0,0.0,1.0,0.0,0.0,0.0,1.0,1.0,0.0,0.0,0.0,0.0,1.0,1.0,0.0,0.0,0.0,0.0,0.0,0.0,0.0,0.0,0.0,1.0,1.0,0.0,0.0,0.0,0.0,0.0,0.0,EEEFM RUBENS DUTRA II,2017.0,3.6
2015,25072412,EEEFM ESCRITOR VIRGINIUS DA GAMA E MELO,-7.237732120926701,-35.893162347842996,1,2015-01-09 00:00:00.000,2015-12-21 00:00:00.000,2,2503,25017,25,2504009,250400905,2,1,,,,,,,,,,,,,1.0,1.0,1.0,0.0,0.0,0.0,0.0,0.0,0.0,0.0,,0.0,0.0,0.0,1.0,1.0,0.0,0.0,0.0,0.0,1.0,0.0,0.0,0.0,1.0,0.0,0.0,1.0,0.0,0.0,0.0,0.0,0.0,1.0,1.0,1.0,0.0,0.0,1.0,0.0,1.0,1.0,1.0,0.0,1.0,0.0,0.0,0.0,1.0,0.0,0.0,0.0,1.0,0.0,0.0,1.0,1.0,0.0,1.0,0.0,0.0,0.0,0.0,0.0,0.0,10.0,10.0,1.0,1.0,1.0,1.0,1.0,1.0,1.0,0.0,1.0,1.0,0.0,1.0,1.0,5.0,1.0,1.0,1.0,3.0,2.0,1.0,0.0,3.0,2.0,0.0,3.0,21.0,2.0,19.0,0.0,0.0,76.0,1.0,0.0,0.0,1.0,0.0,0.0,0.0,1.0,0.0,,,0.0,0.0,0.0,1.0,0.0,0.0,0.0,1.0,1.0,0.0,0.0,0.0,0.0,1.0,1.0,0.0,0.0,0.0,0.0,0.0,0.0,0.0,0.0,0.0,1.0,1.0,0.0,0.0,0.0,0.0,0.0,0.0,EEEFM ESCRITOR VIRGINIUS DA GAMA E MELO,2015.0,3.5
2015,25072439,EEEFM DR HORTENSIO DE SOUSA RIBEIRO,-7.2348610686324,-35.931464292566005,1,2015-01-09 00:00:00.000,2015-12-21 00:00:00.000,2,2503,25017,25,2504009,250400905,2,1,,,,,,,,,,,,,1.0,1.0,1.0,0.0,0.0,0.0,0.0,0.0,0.0,0.0,,0.0,0.0,0.0,1.0,1.0,0.0,0.0,0.0,0.0,1.0,0.0,0.0,0.0,1.0,0.0,0.0,1.0,0.0,0.0,0.0,0.0,0.0,1.0,1.0,1.0,1.0,0.0,1.0,0.0,1.0,1.0,1.0,1.0,1.0,0.0,0.0,0.0,1.0,0.0,1.0,1.0,1.0,1.0,0.0,0.0,0.0,0.0,1.0,0.0,0.0,0.0,0.0,0.0,0.0,21.0,20.0,1.0,1.0,1.0,0.0,1.0,1.0,1.0,0.0,1.0,1.0,0.0,1.0,1.0,1.0,1.0,1.0,0.0,1.0,1.0,3.0,0.0,1.0,1.0,0.0,1.0,63.0,5.0,58.0,1.0,1.0,81.0,1.0,0.0,0.0,,0.0,0.0,0.0,1.0,0.0,,,0.0,0.0,0.0,1.0,0.0,0.0,0.0,1.0,0.0,0.0,0.0,0.0,0.0,0.0,1.0,0.0,0.0,0.0,0.0,0.0,0.0,0.0,0.0,0.0,0.0,0.0,0.0,0.0,0.0,0.0,0.0,0.0,EEEFM DR HORTENSIO DE SOUSA RIBEIRO,2011.0,3.6
2015,25072820,EMEF ROTARY DR FRANCISCO BRASILEIRO,-7.251111999999999,-35.836952000000004,1,2015-02-09 00:00:00.000,2015-12-23 00:00:00.000,2,2503,25017,25,2504009,250400905,3,1,,,,,,,,,,,,,1.0,1.0,1.0,0.0,0.0,0.0,0.0,0.0,0.0,0.0,,0.0,0.0,0.0,1.0,1.0,0.0,0.0,0.0,0.0,1.0,0.0,0.0,0.0,0.0,1.0,0.0,1.0,0.0,0.0,0.0,0.0,0.0,1.0,0.0,1.0,0.0,0.0,0.0,0.0,0.0,1.0,0.0,1.0,1.0,0.0,0.0,0.0,1.0,0.0,1.0,1.0,0.0,0.0,0.0,1.0,0.0,0.0,1.0,0.0,0.0,0.0,0.0,0.0,0.0,14.0,14.0,1.0,1.0,1.0,0.0,0.0,1.0,1.0,1.0,1.0,1.0,0.0,1.0,1.0,4.0,1.0,2.0,0.0,0.0,1.0,1.0,1.0,4.0,1.0,0.0,2.0,11.0,0.0,0.0,0.0,0.0,47.0,1.0,0.0,1.0,1.0,0.0,0.0,0.0,1.0,0.0,,,0.0,0.0,0.0,1.0,0.0,0.0,0.0,1.0,1.0,0.0,0.0,1.0,1.0,1.0,0.0,0.0,0.0,0.0,0.0,0.0,0.0,0.0,0.0,0.0,1.0,0.0,0.0,0.0,0.0,0.0,0.0,0.0,EMEF ROTARY DR FRANCISCO BRASILEIRO,2017.0,3.5
2015,25073648,EMEF FREI DAGOBERTO STUCKER,-7.207573187380098,-35.885652162599,1,2015-02-09 00:00:00.000,2015-12-23 00:00:00.000,2,2503,25017,25,2504009,250400905,3,1,,,,,,,,,,,,,1.0,1.0,1.0,0.0,0.0,0.0,0.0,0.0,0.0,0.0,,0.0,0.0,0.0,1.0,1.0,0.0,0.0,0.0,0.0,1.0,0.0,0.0,0.0,1.0,0.0,0.0,1.0,0.0,0.0,0.0,0.0,0.0,1.0,1.0,1.0,0.0,0.0,0.0,1.0,1.0,1.0,0.0,1.0,1.0,0.0,0.0,0.0,1.0,1.0,1.0,1.0,1.0,0.0,0.0,1.0,1.0,0.0,0.0,1.0,0.0,0.0,1.0,0.0,0.0,7.0,7.0,1.0,1.0,1.0,0.0,1.0,1.0,1.0,1.0,1.0,1.0,0.0,1.0,1.0,1.0,1.0,1.0,0.0,1.0,1.0,1.0,1.0,1.0,1.0,0.0,1.0,11.0,1.0,10.0,1.0,1.0,29.0,1.0,0.0,1.0,1.0,0.0,0.0,0.0,1.0,0.0,,,0.0,0.0,0.0,1.0,0.0,0.0,0.0,1.0,1.0,0.0,0.0,0.0,1.0,1.0,0.0,0.0,0.0,0.0,0.0,0.0,0.0,0.0,0.0,0.0,1.0,0.0,0.0,0.0,0.0,0.0,0.0,0.0,EMEF FREI DAGOBERTO STUCKER,2009.0,2.9
2015,25073699,EMEF LAFAYETE CAVALCANTE,-7.242147758371298,-35.92273772554201,1,2015-02-09 00:00:00.000,2015-12-23 00:00:00.000,2,2503,25017,25,2504009,250400905,3,1,,,,,,,,,,,,,1.0,1.0,1.0,0.0,0.0,0.0,0.0,0.0,0.0,0.0,,0.0,0.0,0.0,1.0,1.0,0.0,0.0,0.0,0.0,1.0,0.0,0.0,0.0,1.0,0.0,0.0,1.0,0.0,0.0,0.0,0.0,0.0,1.0,1.0,1.0,0.0,1.0,1.0,0.0,1.0,1.0,0.0,1.0,1.0,0.0,0.0,0.0,1.0,0.0,1.0,1.0,1.0,1.0,0.0,1.0,0.0,0.0,1.0,0.0,0.0,0.0,0.0,0.0,0.0,19.0,19.0,1.0,1.0,1.0,0.0,0.0,1.0,1.0,0.0,1.0,1.0,0.0,1.0,1.0,3.0,1.0,3.0,0.0,0.0,1.0,1.0,0.0,2.0,1.0,0.0,2.0,12.0,1.0,11.0,0.0,0.0,84.0,1.0,0.0,1.0,1.0,0.0,0.0,0.0,1.0,0.0,,,0.0,0.0,0.0,1.0,0.0,0.0,0.0,1.0,1.0,0.0,0.0,1.0,1.0,1.0,0.0,0.0,0.0,0.0,0.0,0.0,0.0,0.0,0.0,0.0,1.0,0.0,0.0,0.0,0.0,0.0,0.0,0.0,EMEF LAFAYETE CAVALCANTE,2015.0,3.7
2015,25073745,EMEF MANOEL DA COSTA CIRNE,-7.224875438508098,-35.90879795001401,1,2015-02-09 00:00:00.000,2015-12-23 00:00:00.000,2,2503,25017,25,2504009,250400905,3,1,,,,,,,,,,,,,1.0,1.0,1.0,0.0,0.0,0.0,0.0,0.0,0.0,0.0,,0.0,0.0,0.0,1.0,1.0,0.0,0.0,0.0,0.0,1.0,0.0,0.0,0.0,1.0,0.0,0.0,1.0,0.0,0.0,0.0,0.0,0.0,1.0,1.0,1.0,0.0,0.0,0.0,0.0,0.0,1.0,1.0,1.0,1.0,0.0,0.0,0.0,1.0,0.0,0.0,0.0,1.0,0.0,0.0,1.0,0.0,0.0,1.0,0.0,0.0,0.0,0.0,0.0,0.0,17.0,17.0,1.0,0.0,1.0,0.0,0.0,1.0,1.0,0.0,1.0,1.0,0.0,1.0,1.0,3.0,0.0,1.0,0.0,0.0,1.0,4.0,0.0,1.0,1.0,0.0,3.0,23.0,3.0,20.0,1.0,1.0,52.0,1.0,0.0,1.0,1.0,0.0,0.0,0.0,1.0,0.0,,,0.0,0.0,0.0,1.0,0.0,0.0,0.0,1.0,1.0,0.0,0.0,0.0,1.0,1.0,0.0,0.0,0.0,0.0,0.0,0.0,0.0,0.0,0.0,0.0,1.0,0.0,0.0,0.0,0.0,0.0,0.0,0.0,EMEF MANOEL DA COSTA CIRNE,2017.0,3.6
2015,25073800,EMEF PADRE ANTONINO,-7.2185429999999995,-35.915572999999995,1,2015-02-09 00:00:00.000,2015-12-23 00:00:00.000,2,2503,25017,25,2504009,250400905,3,1,,,,,,,,,,,,,1.0,1.0,1.0,0.0,0.0,0.0,0.0,0.0,0.0,0.0,,0.0,0.0,0.0,1.0,1.0,0.0,0.0,0.0,0.0,1.0,0.0,0.0,0.0,1.0,0.0,0.0,1.0,0.0,0.0,0.0,0.0,0.0,1.0,1.0,1.0,0.0,0.0,0.0,1.0,1.0,1.0,1.0,1.0,1.0,0.0,0.0,1.0,1.0,0.0,1.0,1.0,1.0,1.0,0.0,1.0,0.0,0.0,1.0,0.0,0.0,0.0,0.0,0.0,0.0,20.0,20.0,1.0,1.0,1.0,1.0,0.0,1.0,1.0,0.0,1.0,1.0,0.0,1.0,1.0,2.0,1.0,2.0,1.0,0.0,1.0,3.0,0.0,5.0,2.0,0.0,1.0,12.0,1.0,11.0,1.0,1.0,60.0,1.0,0.0,1.0,1.0,0.0,0.0,0.0,1.0,0.0,,,0.0,0.0,0.0,1.0,0.0,0.0,0.0,1.0,1.0,0.0,0.0,1.0,1.0,1.0,0.0,0.0,0.0,0.0,0.0,0.0,0.0,0.0,0.0,0.0,1.0,0.0,0.0,0.0,0.0,0.0,0.0,0.0,EMEF PADRE ANTONINO,2017.0,4.8
2015,25073842,EMEF PROFA MARIA ANUNCIADA BEZERRA,-7.2550286359814,-35.9246106150385,1,2015-02-09 00:00:00.000,2015-12-23 00:00:00.000,2,2503,25017,25,2504009,250400905,3,1,,,,,,,,,,,,,1.0,1.0,1.0,0.0,0.0,0.0,0.0,0.0,0.0,0.0,,0.0,0.0,0.0,1.0,1.0,0.0,0.0,0.0,0.0,1.0,0.0,0.0,0.0,1.0,0.0,0.0,1.0,0.0,0.0,0.0,0.0,0.0,1.0,1.0,1.0,0.0,1.0,0.0,0.0,0.0,1.0,1.0,1.0,1.0,0.0,0.0,0.0,1.0,0.0,1.0,0.0,0.0,0.0,0.0,0.0,0.0,0.0,1.0,1.0,0.0,0.0,0.0,0.0,0.0,15.0,15.0,1.0,0.0,1.0,0.0,1.0,1.0,1.0,0.0,1.0,1.0,0.0,1.0,1.0,2.0,0.0,1.0,0.0,1.0,1.0,2.0,0.0,3.0,1.0,0.0,1.0,11.0,1.0,10.0,1.0,1.0,46.0,1.0,1.0,1.0,1.0,0.0,0.0,0.0,1.0,0.0,,,0.0,0.0,1.0,1.0,0.0,0.0,0.0,1.0,1.0,0.0,0.0,1.0,1.0,1.0,0.0,0.0,0.0,0.0,0.0,0.0,0.0,0.0,0.0,0.0,1.0,0.0,0.0,0.0,0.0,0.0,0.0,0.0,EMEF PROFA MARIA ANUNCIADA BEZERRA,2009.0,1.2
2015,25074113,EMEF ANISIO TEIXEIRA,-7.2101596861274,-35.895683289034,1,2015-02-09 00:00:00.000,2015-12-23 00:00:00.000,2,2503,25017,25,2504009,250400905,3,1,,,,,,,,,,,,,1.0,1.0,1.0,0.0,0.0,0.0,0.0,0.0,0.0,0.0,,0.0,0.0,0.0,1.0,1.0,0.0,0.0,0.0,0.0,1.0,0.0,0.0,0.0,1.0,0.0,0.0,1.0,0.0,0.0,0.0,0.0,0.0,1.0,1.0,1.0,0.0,1.0,0.0,0.0,0.0,1.0,1.0,1.0,1.0,1.0,0.0,0.0,1.0,0.0,1.0,1.0,0.0,0.0,0.0,0.0,0.0,0.0,1.0,1.0,0.0,0.0,0.0,0.0,0.0,9.0,9.0,1.0,0.0,1.0,1.0,1.0,0.0,1.0,0.0,1.0,1.0,0.0,1.0,1.0,2.0,0.0,3.0,1.0,2.0,0.0,3.0,0.0,2.0,1.0,0.0,2.0,20.0,0.0,16.0,1.0,1.0,38.0,1.0,1.0,1.0,1.0,0.0,0.0,0.0,1.0,0.0,,,0.0,0.0,0.0,1.0,0.0,0.0,0.0,1.0,1.0,0.0,0.0,0.0,1.0,1.0,0.0,0.0,0.0,0.0,0.0,0.0,0.0,0.0,0.0,0.0,1.0,0.0,0.0,0.0,0.0,0.0,0.0,0.0,EMEF ANISIO TEIXEIRA,2017.0,3.5
2015,25074407,EMEF HENRIQUE G BARBOSA,-7.275572955419699,-35.91464880901299,1,2015-02-09 00:00:00.000,2015-12-23 00:00:00.000,2,2503,25017,25,2504009,250400905,3,1,,,,,,,,,,,,,1.0,1.0,1.0,0.0,0.0,0.0,0.0,0.0,0.0,0.0,,0.0,0.0,0.0,1.0,1.0,0.0,0.0,0.0,0.0,1.0,0.0,0.0,0.0,1.0,0.0,0.0,1.0,0.0,0.0,0.0,0.0,0.0,1.0,1.0,1.0,0.0,1.0,0.0,0.0,0.0,1.0,0.0,1.0,1.0,0.0,0.0,0.0,1.0,0.0,1.0,1.0,0.0,1.0,0.0,1.0,1.0,0.0,0.0,1.0,0.0,0.0,0.0,0.0,0.0,10.0,12.0,1.0,1.0,1.0,0.0,1.0,0.0,1.0,1.0,1.0,1.0,0.0,1.0,1.0,3.0,1.0,2.0,0.0,1.0,0.0,3.0,4.0,2.0,1.0,0.0,3.0,13.0,1.0,12.0,0.0,0.0,56.0,1.0,1.0,1.0,1.0,0.0,0.0,0.0,1.0,0.0,,,1.0,1.0,0.0,1.0,0.0,0.0,0.0,1.0,1.0,0.0,0.0,1.0,1.0,1.0,0.0,0.0,0.0,0.0,0.0,0.0,0.0,0.0,0.0,0.0,1.0,0.0,0.0,0.0,0.0,0.0,0.0,0.0,EMEF HENRIQUE G BARBOSA,2017.0,4.2
2015,25074571,EMEF LIONS PRATA,-7.234531198367799,-35.875277146696,1,2015-02-09 00:00:00.000,2015-12-23 00:00:00.000,2,2503,25017,25,2504009,250400915,3,1,,,,,,,,,,,,,1.0,1.0,1.0,0.0,0.0,0.0,0.0,0.0,0.0,0.0,,0.0,0.0,0.0,1.0,1.0,0.0,0.0,0.0,0.0,1.0,0.0,0.0,0.0,1.0,0.0,0.0,1.0,0.0,0.0,0.0,0.0,0.0,1.0,1.0,1.0,0.0,0.0,0.0,1.0,1.0,1.0,0.0,1.0,1.0,0.0,0.0,0.0,1.0,0.0,0.0,0.0,0.0,0.0,0.0,1.0,0.0,0.0,1.0,0.0,0.0,0.0,1.0,0.0,0.0,15.0,15.0,1.0,0.0,1.0,0.0,0.0,1.0,1.0,0.0,1.0,1.0,0.0,1.0,1.0,2.0,0.0,2.0,0.0,0.0,1.0,2.0,0.0,3.0,2.0,0.0,1.0,12.0,1.0,11.0,1.0,1.0,57.0,1.0,0.0,1.0,1.0,0.0,0.0,0.0,1.0,0.0,,,0.0,0.0,0.0,1.0,0.0,0.0,0.0,1.0,1.0,0.0,0.0,0.0,0.0,1.0,0.0,0.0,0.0,0.0,0.0,0.0,0.0,0.0,0.0,0.0,1.0,0.0,0.0,0.0,0.0,0.0,0.0,0.0,EMEF LIONS PRATA,2017.0,3.4
2015,25075071,EMEF TIRADENTES,-7.2336663341256,-35.902925740761994,1,2015-02-09 00:00:00.000,2015-12-22 00:00:00.000,2,2503,25017,25,2504009,250400905,3,1,,,,,,,,,,,,,1.0,1.0,1.0,0.0,0.0,0.0,0.0,0.0,0.0,0.0,,0.0,0.0,0.0,1.0,1.0,0.0,0.0,0.0,0.0,1.0,0.0,0.0,0.0,1.0,0.0,0.0,1.0,0.0,0.0,0.0,0.0,0.0,1.0,1.0,1.0,0.0,1.0,0.0,1.0,1.0,1.0,0.0,1.0,1.0,0.0,0.0,0.0,1.0,0.0,1.0,1.0,1.0,1.0,0.0,1.0,1.0,0.0,0.0,1.0,0.0,0.0,1.0,0.0,0.0,18.0,18.0,1.0,1.0,1.0,0.0,1.0,1.0,1.0,1.0,1.0,1.0,0.0,1.0,1.0,3.0,1.0,1.0,0.0,1.0,1.0,2.0,2.0,2.0,1.0,0.0,2.0,10.0,2.0,8.0,1.0,1.0,68.0,1.0,1.0,1.0,1.0,0.0,0.0,0.0,1.0,0.0,,,0.0,0.0,0.0,1.0,0.0,0.0,0.0,1.0,1.0,0.0,0.0,0.0,1.0,1.0,0.0,0.0,0.0,0.0,0.0,0.0,0.0,0.0,0.0,0.0,1.0,0.0,0.0,0.0,0.0,0.0,0.0,0.0,EMEF TIRADENTES,2017.0,3.2
2015,25076400,EEEFM PROF ANTONIO OLIVEIRA,-7.2400271627764,-35.912294983872,1,2015-01-09 00:00:00.000,2015-12-21 00:00:00.000,2,2503,25017,25,2504009,250400905,2,1,,,,,,,,,,,,,1.0,1.0,1.0,0.0,0.0,0.0,0.0,0.0,0.0,0.0,,0.0,0.0,0.0,1.0,1.0,0.0,0.0,0.0,0.0,1.0,0.0,0.0,0.0,1.0,0.0,0.0,1.0,0.0,0.0,0.0,0.0,0.0,1.0,1.0,1.0,0.0,0.0,0.0,0.0,0.0,0.0,1.0,0.0,1.0,0.0,0.0,0.0,1.0,0.0,1.0,1.0,0.0,0.0,0.0,0.0,0.0,0.0,0.0,0.0,0.0,0.0,0.0,0.0,0.0,10.0,10.0,1.0,1.0,1.0,1.0,1.0,1.0,1.0,0.0,0.0,0.0,0.0,0.0,1.0,1.0,1.0,1.0,1.0,1.0,1.0,1.0,0.0,0.0,0.0,0.0,0.0,11.0,0.0,0.0,1.0,0.0,57.0,1.0,0.0,0.0,1.0,0.0,0.0,0.0,1.0,0.0,,,0.0,0.0,0.0,1.0,0.0,0.0,0.0,1.0,1.0,0.0,0.0,0.0,0.0,1.0,1.0,0.0,0.0,0.0,0.0,0.0,0.0,0.0,0.0,0.0,0.0,1.0,0.0,0.0,0.0,0.0,0.0,0.0,EEEFM PROF ANTONIO OLIVEIRA,2015.0,2.2
2015,25076582,EEEFM IRMA JOAQUINA SAMPAIO,,,1,2015-01-09 00:00:00.000,2015-12-21 00:00:00.000,2,2503,25017,25,2504009,250400905,2,1,,,,,,,,,,,,,1.0,1.0,1.0,0.0,0.0,0.0,0.0,0.0,0.0,0.0,,0.0,0.0,0.0,1.0,1.0,0.0,0.0,0.0,0.0,1.0,0.0,0.0,0.0,1.0,0.0,0.0,1.0,0.0,0.0,0.0,0.0,0.0,1.0,1.0,1.0,0.0,0.0,0.0,0.0,0.0,1.0,1.0,1.0,1.0,0.0,0.0,0.0,1.0,0.0,0.0,0.0,0.0,0.0,0.0,0.0,0.0,0.0,1.0,0.0,0.0,0.0,0.0,0.0,0.0,12.0,8.0,1.0,1.0,1.0,0.0,0.0,1.0,1.0,0.0,1.0,0.0,0.0,1.0,1.0,1.0,1.0,1.0,0.0,0.0,1.0,1.0,0.0,1.0,0.0,0.0,1.0,12.0,1.0,0.0,1.0,0.0,57.0,1.0,0.0,0.0,1.0,0.0,0.0,0.0,1.0,0.0,,,0.0,0.0,0.0,1.0,0.0,0.0,0.0,1.0,0.0,0.0,0.0,0.0,1.0,1.0,1.0,0.0,0.0,0.0,0.0,0.0,0.0,0.0,0.0,0.0,0.0,0.0,0.0,0.0,0.0,0.0,0.0,0.0,EEEFM IRMA JOAQUINA SAMPAIO,2013.0,2.5
2015,25076590,EEEFM JOSE MIGUEL LEAO,-7.217475931449401,-35.916892205553005,1,2015-01-09 00:00:00.000,2015-12-21 00:00:00.000,2,2503,25017,25,2504009,250400925,2,2,,,,,,,,,,,,,1.0,1.0,1.0,0.0,0.0,0.0,0.0,0.0,0.0,0.0,,0.0,0.0,0.0,1.0,1.0,0.0,0.0,0.0,0.0,1.0,0.0,0.0,0.0,1.0,0.0,0.0,1.0,0.0,0.0,0.0,0.0,0.0,1.0,1.0,1.0,0.0,1.0,0.0,0.0,0.0,1.0,1.0,0.0,1.0,0.0,0.0,0.0,1.0,0.0,1.0,1.0,1.0,1.0,0.0,1.0,1.0,0.0,1.0,1.0,0.0,0.0,1.0,0.0,0.0,16.0,16.0,1.0,1.0,1.0,0.0,1.0,1.0,1.0,0.0,1.0,1.0,0.0,1.0,1.0,1.0,1.0,1.0,0.0,1.0,1.0,1.0,0.0,1.0,1.0,0.0,1.0,18.0,2.0,16.0,0.0,0.0,104.0,1.0,0.0,1.0,1.0,0.0,0.0,0.0,1.0,0.0,,,0.0,0.0,0.0,1.0,0.0,0.0,0.0,1.0,1.0,0.0,0.0,0.0,1.0,1.0,1.0,0.0,0.0,0.0,0.0,0.0,0.0,0.0,0.0,0.0,1.0,1.0,0.0,0.0,0.0,0.0,0.0,0.0,EEEFM JOSE MIGUEL LEAO,2015.0,3.2
2015,25076930,EMEF SAO CLEMENTE,-7.1850383779242,-35.984748070318005,1,2015-02-09 00:00:00.000,2015-12-23 00:00:00.000,2,2503,25017,25,2504009,250400925,3,2,,,,,,,,,,,,,1.0,1.0,1.0,0.0,0.0,0.0,0.0,0.0,0.0,0.0,,0.0,0.0,0.0,1.0,1.0,0.0,0.0,0.0,0.0,1.0,0.0,0.0,0.0,1.0,0.0,0.0,1.0,0.0,0.0,0.0,0.0,0.0,0.0,0.0,1.0,0.0,0.0,0.0,0.0,0.0,1.0,1.0,0.0,1.0,0.0,0.0,0.0,1.0,0.0,1.0,0.0,1.0,0.0,0.0,0.0,0.0,0.0,0.0,0.0,0.0,0.0,0.0,0.0,0.0,12.0,11.0,1.0,0.0,1.0,0.0,1.0,1.0,1.0,1.0,1.0,1.0,0.0,1.0,1.0,1.0,0.0,2.0,0.0,1.0,1.0,2.0,1.0,2.0,1.0,0.0,2.0,11.0,1.0,10.0,1.0,1.0,62.0,1.0,0.0,1.0,1.0,0.0,0.0,0.0,1.0,0.0,,,0.0,0.0,1.0,1.0,0.0,0.0,0.0,1.0,1.0,0.0,0.0,1.0,1.0,1.0,0.0,0.0,0.0,0.0,0.0,0.0,0.0,0.0,0.0,0.0,1.0,0.0,0.0,0.0,0.0,0.0,0.0,0.0,EMEF SAO CLEMENTE,2015.0,2.8
2015,25108662,EMEF CEAI DR JOAO PEREIRA DE ASSIS,-7.2496950855344995,-35.882351704402,1,2015-02-09 00:00:00.000,2015-12-23 00:00:00.000,2,2503,25017,25,2504009,250400905,3,1,,,,,,,,,,,,,1.0,1.0,1.0,0.0,0.0,0.0,0.0,0.0,0.0,0.0,,0.0,0.0,0.0,0.0,1.0,0.0,0.0,0.0,0.0,1.0,0.0,0.0,0.0,1.0,0.0,0.0,1.0,0.0,0.0,0.0,0.0,0.0,1.0,1.0,1.0,0.0,1.0,0.0,1.0,1.0,1.0,1.0,1.0,1.0,1.0,0.0,0.0,1.0,0.0,1.0,1.0,1.0,0.0,1.0,1.0,1.0,0.0,1.0,0.0,0.0,0.0,0.0,0.0,0.0,17.0,17.0,1.0,0.0,0.0,0.0,1.0,0.0,1.0,0.0,1.0,1.0,0.0,1.0,1.0,1.0,0.0,0.0,0.0,1.0,0.0,3.0,0.0,6.0,2.0,0.0,1.0,18.0,1.0,17.0,1.0,1.0,65.0,1.0,1.0,1.0,1.0,0.0,0.0,0.0,1.0,0.0,,,0.0,1.0,1.0,1.0,0.0,0.0,0.0,1.0,1.0,0.0,0.0,1.0,1.0,1.0,0.0,0.0,0.0,0.0,0.0,0.0,0.0,0.0,0.0,0.0,1.0,0.0,0.0,0.0,0.0,0.0,0.0,0.0,EMEF CEAI DR JOAO PEREIRA DE ASSIS,2017.0,4.1
2015,25111345,EEEF AROLDO CRUZ FILHO,-7.270815753677901,-35.888546266121004,1,2015-02-09 00:00:00.000,2015-12-21 00:00:00.000,2,2503,25017,25,2504009,250400905,2,1,,,,,,,,,,,,,1.0,1.0,3.0,0.0,0.0,0.0,0.0,0.0,0.0,0.0,,0.0,0.0,0.0,1.0,1.0,0.0,0.0,0.0,0.0,1.0,0.0,0.0,0.0,1.0,0.0,0.0,1.0,0.0,0.0,0.0,0.0,0.0,1.0,1.0,1.0,0.0,0.0,0.0,0.0,0.0,1.0,1.0,0.0,1.0,0.0,0.0,0.0,1.0,0.0,0.0,0.0,1.0,1.0,1.0,1.0,0.0,0.0,1.0,0.0,0.0,0.0,1.0,0.0,0.0,3.0,3.0,1.0,1.0,1.0,0.0,0.0,0.0,1.0,0.0,1.0,1.0,0.0,1.0,1.0,1.0,1.0,1.0,0.0,0.0,0.0,1.0,0.0,2.0,1.0,0.0,3.0,11.0,2.0,11.0,1.0,0.0,20.0,1.0,0.0,1.0,1.0,0.0,0.0,0.0,1.0,0.0,,,0.0,0.0,0.0,1.0,0.0,0.0,0.0,1.0,1.0,0.0,0.0,0.0,0.0,1.0,0.0,0.0,0.0,0.0,0.0,0.0,0.0,0.0,0.0,0.0,1.0,0.0,0.0,0.0,0.0,0.0,0.0,0.0,EEEF AROLDO CRUZ FILHO,2011.0,1.8
2015,25114034,EEEF DOM HELDER CAMARA,-7.2379676783288005,-35.909372384655,1,2015-01-09 00:00:00.000,2015-12-21 00:00:00.000,2,2503,25017,25,2504009,250400905,2,1,,,,,,,,,,,,,1.0,1.0,1.0,0.0,0.0,0.0,0.0,0.0,0.0,0.0,,0.0,0.0,0.0,1.0,1.0,0.0,0.0,0.0,0.0,1.0,0.0,0.0,0.0,1.0,0.0,0.0,1.0,0.0,0.0,0.0,0.0,0.0,1.0,1.0,1.0,0.0,1.0,0.0,0.0,0.0,1.0,1.0,0.0,1.0,0.0,0.0,0.0,1.0,0.0,0.0,0.0,1.0,0.0,0.0,1.0,1.0,0.0,1.0,0.0,0.0,0.0,0.0,0.0,0.0,9.0,9.0,1.0,0.0,1.0,0.0,0.0,1.0,0.0,0.0,0.0,0.0,0.0,0.0,1.0,1.0,0.0,1.0,0.0,0.0,1.0,0.0,0.0,0.0,0.0,0.0,0.0,13.0,2.0,10.0,1.0,1.0,60.0,1.0,1.0,0.0,1.0,0.0,0.0,0.0,1.0,0.0,,,0.0,0.0,0.0,1.0,0.0,0.0,0.0,1.0,1.0,0.0,0.0,0.0,1.0,1.0,0.0,0.0,0.0,0.0,0.0,0.0,0.0,0.0,0.0,0.0,1.0,0.0,0.0,0.0,0.0,0.0,0.0,0.0,EEEF DOM HELDER CAMARA,2017.0,4.1
2015,25114433,EEEF SENADOR HUMBERTO LUCENA,-7.2462520406292,-35.910682537123,1,2015-02-09 00:00:00.000,2015-12-21 00:00:00.000,2,2503,25017,25,2504009,250400905,2,1,,,,,,,,,,,,,1.0,1.0,1.0,0.0,0.0,1.0,1.0,0.0,0.0,0.0,,0.0,0.0,0.0,1.0,1.0,0.0,0.0,0.0,0.0,1.0,0.0,0.0,0.0,1.0,0.0,0.0,1.0,0.0,0.0,0.0,0.0,0.0,1.0,1.0,1.0,0.0,1.0,0.0,1.0,1.0,1.0,1.0,0.0,1.0,0.0,0.0,0.0,1.0,0.0,1.0,0.0,1.0,1.0,0.0,1.0,1.0,1.0,0.0,0.0,0.0,0.0,0.0,0.0,0.0,10.0,10.0,1.0,0.0,1.0,0.0,0.0,1.0,0.0,1.0,1.0,1.0,0.0,1.0,1.0,3.0,0.0,1.0,0.0,0.0,1.0,0.0,4.0,1.0,1.0,0.0,1.0,13.0,2.0,11.0,1.0,1.0,48.0,1.0,1.0,0.0,0.0,0.0,0.0,0.0,1.0,0.0,,,0.0,0.0,0.0,1.0,0.0,0.0,0.0,1.0,1.0,0.0,0.0,0.0,1.0,1.0,0.0,0.0,0.0,0.0,0.0,0.0,0.0,0.0,0.0,0.0,1.0,0.0,0.0,0.0,0.0,0.0,0.0,0.0,EEEF SENADOR HUMBERTO LUCENA,2017.0,3.5
2015,25114808,EEEFM PROF ITAN PEREIRA,-7.2175731696034005,-35.923419006632,1,2015-01-09 00:00:00.000,2015-12-21 00:00:00.000,2,2503,25017,25,2504009,250400905,2,1,,,,,,,,,,,,,1.0,1.0,1.0,0.0,0.0,0.0,0.0,0.0,0.0,0.0,,0.0,0.0,0.0,1.0,1.0,0.0,0.0,0.0,0.0,1.0,0.0,0.0,0.0,1.0,0.0,0.0,1.0,0.0,0.0,0.0,0.0,0.0,1.0,1.0,1.0,0.0,1.0,0.0,1.0,1.0,1.0,1.0,0.0,1.0,0.0,0.0,0.0,1.0,0.0,0.0,1.0,1.0,1.0,0.0,0.0,1.0,0.0,1.0,0.0,0.0,0.0,0.0,0.0,0.0,13.0,13.0,1.0,0.0,1.0,0.0,1.0,0.0,1.0,0.0,1.0,1.0,0.0,0.0,1.0,1.0,0.0,2.0,0.0,1.0,0.0,1.0,0.0,3.0,2.0,0.0,0.0,10.0,2.0,4.0,1.0,0.0,80.0,1.0,1.0,0.0,1.0,0.0,0.0,0.0,1.0,0.0,,,0.0,0.0,0.0,1.0,0.0,0.0,0.0,1.0,1.0,0.0,0.0,0.0,0.0,1.0,1.0,0.0,0.0,0.0,0.0,0.0,0.0,0.0,0.0,0.0,1.0,1.0,0.0,0.0,0.0,0.0,0.0,0.0,EEEFM PROF ITAN PEREIRA,2017.0,4.6
2015,25117459,EEEFM PREFEITO WILLIAMS DE SOUSA ARRUDA,-7.190382707598901,-35.903209455876,1,2015-01-09 00:00:00.000,2015-12-21 00:00:00.000,2,2503,25017,25,2504009,250400905,2,1,,,,,,,,,,,,,1.0,1.0,1.0,0.0,0.0,0.0,0.0,0.0,0.0,0.0,,0.0,0.0,0.0,1.0,1.0,0.0,0.0,0.0,0.0,1.0,0.0,0.0,0.0,0.0,1.0,0.0,1.0,0.0,0.0,0.0,0.0,0.0,1.0,1.0,1.0,0.0,0.0,1.0,0.0,1.0,1.0,1.0,0.0,1.0,0.0,0.0,0.0,1.0,0.0,1.0,0.0,1.0,1.0,0.0,1.0,1.0,0.0,1.0,1.0,0.0,0.0,0.0,0.0,0.0,6.0,6.0,1.0,0.0,1.0,0.0,1.0,0.0,1.0,1.0,1.0,1.0,0.0,1.0,1.0,5.0,0.0,3.0,0.0,1.0,0.0,2.0,3.0,5.0,2.0,0.0,2.0,20.0,2.0,18.0,1.0,1.0,34.0,1.0,0.0,0.0,1.0,0.0,0.0,0.0,1.0,0.0,,,0.0,0.0,0.0,1.0,0.0,0.0,0.0,1.0,1.0,0.0,0.0,0.0,1.0,1.0,1.0,0.0,0.0,0.0,0.0,0.0,0.0,0.0,0.0,0.0,1.0,0.0,0.0,0.0,0.0,0.0,0.0,0.0,EEEFM PREFEITO WILLIAMS DE SOUSA ARRUDA,2017.0,4.1
2015,25117688,EEEF IRMA STEFANIE,-7.2570014908414,-35.924941160246,1,2015-01-09 00:00:00.000,2015-12-21 00:00:00.000,2,2503,25017,25,2504009,250400905,2,1,,,,,,,,,,,,,1.0,1.0,1.0,0.0,0.0,0.0,0.0,0.0,0.0,0.0,,0.0,0.0,0.0,1.0,1.0,0.0,0.0,0.0,0.0,1.0,0.0,0.0,0.0,1.0,0.0,0.0,1.0,0.0,0.0,0.0,0.0,0.0,1.0,1.0,1.0,0.0,0.0,0.0,0.0,0.0,1.0,1.0,0.0,1.0,0.0,0.0,0.0,1.0,0.0,1.0,0.0,0.0,0.0,0.0,0.0,0.0,0.0,0.0,0.0,0.0,0.0,0.0,0.0,0.0,10.0,10.0,1.0,0.0,1.0,0.0,1.0,1.0,1.0,0.0,1.0,0.0,0.0,0.0,1.0,1.0,0.0,1.0,0.0,1.0,1.0,1.0,0.0,1.0,0.0,0.0,0.0,12.0,0.0,0.0,1.0,0.0,41.0,1.0,0.0,0.0,1.0,0.0,0.0,0.0,1.0,0.0,,,0.0,0.0,0.0,1.0,0.0,0.0,0.0,1.0,1.0,0.0,0.0,0.0,1.0,1.0,0.0,0.0,0.0,0.0,0.0,0.0,0.0,0.0,0.0,0.0,1.0,0.0,0.0,0.0,0.0,0.0,0.0,0.0,EEEF IRMA STEFANIE,2015.0,3.3
2015,25117858,EEEF REITOR EDVALDO DO O,-7.223891640680499,-35.915036201477,1,2015-01-09 00:00:00.000,2015-12-21 00:00:00.000,2,2503,25017,25,2504009,250400905,2,1,,,,,,,,,,,,,1.0,1.0,1.0,0.0,0.0,0.0,0.0,0.0,0.0,0.0,,0.0,0.0,0.0,1.0,1.0,0.0,0.0,0.0,0.0,1.0,0.0,0.0,0.0,1.0,0.0,0.0,1.0,0.0,0.0,0.0,0.0,0.0,1.0,1.0,1.0,0.0,0.0,0.0,0.0,0.0,1.0,1.0,0.0,1.0,0.0,0.0,0.0,1.0,0.0,1.0,0.0,1.0,0.0,0.0,0.0,0.0,0.0,1.0,0.0,0.0,0.0,0.0,0.0,0.0,8.0,8.0,1.0,0.0,1.0,0.0,0.0,1.0,1.0,0.0,1.0,1.0,0.0,1.0,1.0,4.0,0.0,1.0,0.0,0.0,1.0,2.0,0.0,1.0,1.0,0.0,1.0,20.0,0.0,0.0,0.0,0.0,46.0,1.0,0.0,0.0,1.0,0.0,0.0,0.0,1.0,0.0,,,0.0,0.0,0.0,1.0,0.0,0.0,0.0,1.0,1.0,0.0,0.0,0.0,1.0,1.0,0.0,0.0,0.0,0.0,0.0,0.0,0.0,0.0,0.0,0.0,1.0,0.0,0.0,0.0,0.0,0.0,0.0,0.0,EEEF REITOR EDVALDO DO O,2017.0,2.9
2015,25117866,EEEF POETISA VICENTINA FIGUEIREDO VITAL DO REGO,-7.2021759525023,-35.898082189728,1,2015-01-09 00:00:00.000,2015-12-21 00:00:00.000,2,2503,25017,25,2504009,250400905,2,1,,,,,,,,,,,,,1.0,1.0,1.0,0.0,0.0,0.0,0.0,0.0,0.0,0.0,,0.0,0.0,0.0,1.0,1.0,0.0,0.0,0.0,0.0,1.0,0.0,0.0,0.0,1.0,0.0,0.0,1.0,0.0,0.0,0.0,0.0,0.0,1.0,1.0,1.0,0.0,0.0,0.0,0.0,0.0,1.0,1.0,1.0,1.0,0.0,0.0,0.0,1.0,0.0,1.0,1.0,1.0,1.0,0.0,1.0,0.0,0.0,1.0,0.0,0.0,0.0,1.0,0.0,0.0,9.0,8.0,1.0,0.0,1.0,0.0,0.0,0.0,1.0,0.0,1.0,1.0,0.0,1.0,1.0,4.0,0.0,2.0,0.0,0.0,0.0,2.0,0.0,3.0,1.0,0.0,1.0,12.0,2.0,10.0,1.0,0.0,32.0,1.0,0.0,0.0,1.0,0.0,0.0,0.0,1.0,0.0,,,0.0,0.0,0.0,1.0,0.0,0.0,0.0,1.0,0.0,0.0,0.0,0.0,1.0,1.0,0.0,0.0,0.0,0.0,0.0,0.0,0.0,0.0,0.0,0.0,0.0,0.0,0.0,0.0,0.0,0.0,0.0,0.0,EEEF POETISA VICENTINA FIGUEIREDO VITAL DO REGO,2017.0,4.0
2015,25120646,EMEF MARIA DAS VITORIAS PIRES UCHOA QUEIROZ,-7.274196085938499,-35.931672834323,1,2015-02-09 00:00:00.000,2015-12-23 00:00:00.000,2,2503,25017,25,2504009,250400905,3,1,,,,,,,,,,,,,1.0,1.0,1.0,0.0,0.0,0.0,0.0,0.0,0.0,0.0,,0.0,0.0,0.0,1.0,1.0,0.0,0.0,0.0,0.0,1.0,0.0,0.0,0.0,1.0,0.0,0.0,1.0,0.0,0.0,0.0,0.0,0.0,1.0,1.0,1.0,0.0,0.0,0.0,0.0,0.0,1.0,0.0,1.0,1.0,0.0,0.0,0.0,1.0,0.0,0.0,0.0,0.0,0.0,1.0,1.0,1.0,0.0,1.0,0.0,0.0,0.0,1.0,1.0,0.0,29.0,29.0,1.0,0.0,1.0,0.0,0.0,0.0,1.0,0.0,1.0,1.0,0.0,1.0,1.0,4.0,0.0,4.0,0.0,0.0,0.0,1.0,0.0,4.0,1.0,0.0,1.0,12.0,2.0,10.0,1.0,1.0,66.0,1.0,0.0,1.0,1.0,0.0,0.0,0.0,1.0,0.0,,,0.0,0.0,0.0,1.0,0.0,0.0,0.0,1.0,1.0,0.0,0.0,1.0,1.0,1.0,0.0,0.0,0.0,0.0,0.0,0.0,0.0,0.0,0.0,0.0,1.0,0.0,0.0,0.0,0.0,0.0,0.0,0.0,EMEF MARIA DAS VITORIAS PIRES UCHOA QUEIROZ,2017.0,3.1
2015,25120670,EEEFM MAJOR VENEZIANO VITAL DO REGO,-7.270842712776499,-35.921737444592,1,2015-01-09 00:00:00.000,2015-12-21 00:00:00.000,2,2503,25017,25,2504009,250400905,2,1,,,,,,,,,,,,,1.0,1.0,1.0,0.0,0.0,0.0,0.0,0.0,0.0,0.0,,0.0,0.0,0.0,1.0,1.0,0.0,0.0,0.0,0.0,1.0,0.0,0.0,0.0,0.0,1.0,0.0,1.0,0.0,0.0,0.0,0.0,0.0,1.0,1.0,1.0,0.0,1.0,0.0,0.0,0.0,1.0,1.0,0.0,1.0,0.0,0.0,0.0,1.0,0.0,0.0,0.0,0.0,0.0,0.0,0.0,0.0,0.0,0.0,0.0,0.0,0.0,0.0,0.0,0.0,10.0,10.0,1.0,0.0,1.0,0.0,0.0,0.0,1.0,0.0,0.0,0.0,0.0,0.0,1.0,1.0,0.0,1.0,0.0,0.0,0.0,1.0,0.0,0.0,0.0,0.0,0.0,12.0,0.0,0.0,1.0,0.0,95.0,1.0,0.0,0.0,1.0,0.0,0.0,0.0,1.0,0.0,,,0.0,0.0,0.0,1.0,0.0,0.0,0.0,1.0,1.0,0.0,0.0,0.0,0.0,1.0,1.0,0.0,0.0,0.0,0.0,0.0,0.0,0.0,0.0,0.0,1.0,1.0,0.0,0.0,0.0,0.0,0.0,0.0,EEEFM MAJOR VENEZIANO VITAL DO REGO,2015.0,2.9
2015,25121685,EMEF ROBERTO SIMONSEN,-7.226375304421201,-35.891900788361,1,2015-02-09 00:00:00.000,2015-12-23 00:00:00.000,2,2503,25017,25,2504009,250400905,3,1,,,,,,,,,,,,,1.0,1.0,3.0,0.0,0.0,0.0,0.0,0.0,0.0,0.0,,0.0,0.0,0.0,1.0,1.0,0.0,0.0,0.0,0.0,1.0,0.0,0.0,0.0,1.0,0.0,0.0,1.0,0.0,0.0,0.0,0.0,0.0,1.0,1.0,1.0,0.0,1.0,1.0,1.0,1.0,1.0,0.0,1.0,1.0,0.0,0.0,0.0,1.0,1.0,0.0,0.0,1.0,1.0,1.0,0.0,0.0,1.0,0.0,0.0,0.0,0.0,1.0,0.0,0.0,25.0,25.0,1.0,0.0,1.0,0.0,0.0,0.0,1.0,1.0,1.0,1.0,0.0,1.0,1.0,1.0,0.0,1.0,0.0,0.0,0.0,2.0,1.0,2.0,1.0,0.0,1.0,16.0,1.0,15.0,1.0,1.0,63.0,1.0,1.0,1.0,1.0,0.0,0.0,0.0,1.0,0.0,,,0.0,1.0,0.0,1.0,0.0,0.0,0.0,1.0,0.0,0.0,0.0,1.0,1.0,1.0,0.0,0.0,0.0,0.0,0.0,0.0,0.0,0.0,0.0,0.0,0.0,0.0,0.0,0.0,0.0,0.0,0.0,0.0,EMEF ROBERTO SIMONSEN,2017.0,4.3
2015,25123998,ESCOLA WALNYZA BORBOREMA CUNHA,-7.2406483888893,-35.900580444119,1,2015-01-09 00:00:00.000,2015-12-21 00:00:00.000,2,2503,25017,25,2504009,250400915,2,2,,,,,,,,,,,,,1.0,1.0,1.0,0.0,0.0,0.0,0.0,0.0,0.0,0.0,,0.0,0.0,0.0,1.0,1.0,0.0,0.0,0.0,0.0,1.0,0.0,0.0,0.0,0.0,1.0,0.0,1.0,0.0,0.0,0.0,0.0,0.0,0.0,1.0,0.0,0.0,0.0,1.0,0.0,1.0,1.0,0.0,0.0,0.0,0.0,0.0,0.0,1.0,0.0,0.0,0.0,0.0,0.0,0.0,0.0,0.0,0.0,0.0,0.0,0.0,0.0,0.0,0.0,0.0,5.0,5.0,1.0,0.0,1.0,1.0,0.0,0.0,1.0,0.0,0.0,0.0,0.0,0.0,1.0,1.0,0.0,1.0,1.0,0.0,0.0,1.0,0.0,0.0,0.0,0.0,0.0,4.0,1.0,3.0,1.0,0.0,32.0,1.0,0.0,0.0,1.0,0.0,0.0,0.0,1.0,0.0,,,0.0,0.0,0.0,1.0,0.0,0.0,0.0,1.0,1.0,0.0,0.0,0.0,0.0,1.0,1.0,0.0,0.0,0.0,0.0,0.0,0.0,0.0,0.0,0.0,1.0,1.0,0.0,0.0,0.0,0.0,0.0,0.0,ESCOLA WALNYZA BORBOREMA CUNHA,2017.0,4.2
2015,25151401,EEEFM ANTONIO GUEDES DE ANDRADE,-7.2870001438692,-35.906464763448,1,2015-01-09 00:00:00.000,2015-12-21 00:00:00.000,2,2503,25017,25,2504009,250400905,2,2,,,,,,,,,,,,,1.0,1.0,3.0,0.0,0.0,0.0,0.0,0.0,0.0,0.0,,0.0,0.0,0.0,1.0,1.0,0.0,0.0,0.0,0.0,1.0,0.0,0.0,0.0,0.0,1.0,0.0,1.0,0.0,0.0,0.0,0.0,0.0,0.0,0.0,0.0,0.0,0.0,0.0,0.0,0.0,1.0,0.0,0.0,0.0,0.0,0.0,0.0,1.0,0.0,0.0,0.0,1.0,0.0,0.0,1.0,0.0,0.0,0.0,0.0,0.0,0.0,1.0,0.0,0.0,4.0,9.0,1.0,0.0,1.0,0.0,0.0,1.0,0.0,0.0,0.0,0.0,0.0,0.0,1.0,2.0,0.0,1.0,0.0,0.0,1.0,0.0,0.0,0.0,0.0,0.0,0.0,1.0,1.0,0.0,0.0,0.0,30.0,1.0,0.0,1.0,1.0,0.0,0.0,0.0,1.0,0.0,,,0.0,0.0,0.0,1.0,0.0,0.0,0.0,1.0,1.0,0.0,0.0,0.0,0.0,1.0,1.0,0.0,0.0,0.0,0.0,0.0,0.0,0.0,0.0,0.0,1.0,1.0,0.0,0.0,0.0,0.0,0.0,0.0,EEEFM ANTONIO GUEDES DE ANDRADE,2017.0,5.1
2015,25152815,EEEFM ISABEL RODRIGUES DE MELO,-7.306437667116799,-35.774411567015,1,2015-01-09 00:00:00.000,2015-12-21 00:00:00.000,2,2503,25017,25,2504009,250400920,2,2,,,,,,,,,,,,,1.0,1.0,1.0,0.0,0.0,0.0,0.0,0.0,0.0,0.0,,0.0,0.0,0.0,1.0,1.0,0.0,0.0,0.0,0.0,1.0,0.0,0.0,0.0,1.0,0.0,0.0,1.0,0.0,0.0,0.0,0.0,0.0,1.0,1.0,1.0,1.0,0.0,0.0,0.0,0.0,1.0,1.0,0.0,1.0,0.0,0.0,0.0,1.0,0.0,1.0,0.0,1.0,1.0,0.0,1.0,1.0,0.0,1.0,0.0,0.0,0.0,0.0,0.0,0.0,9.0,9.0,1.0,0.0,1.0,0.0,1.0,1.0,1.0,0.0,1.0,0.0,0.0,0.0,1.0,2.0,0.0,1.0,0.0,3.0,1.0,3.0,0.0,2.0,0.0,0.0,0.0,8.0,3.0,5.0,1.0,0.0,37.0,1.0,0.0,0.0,,0.0,0.0,0.0,1.0,0.0,,,0.0,0.0,0.0,1.0,1.0,0.0,0.0,1.0,1.0,0.0,0.0,0.0,0.0,0.0,1.0,0.0,0.0,0.0,0.0,0.0,0.0,0.0,0.0,0.0,0.0,1.0,0.0,0.0,0.0,0.0,0.0,0.0,EEEFM ISABEL RODRIGUES DE MELO,2017.0,3.2
